,alpha,density,Run,half_time,percolation_system,segregation_coefficient,stopping_step,total_avg_cluster_size,size,pop_weights,homophily,fixed_areas_pc,cluster_threshold,stopping_threshold,stats,server
0,0.95,0.85,0,1.0,True,0.4590871111111111,28,134.8,25,"(0.6, 0.4)",5,0.0,4,5,True,False
1,0.95,0.85,1,1.0580540442902124,True,0.4985644444444444,23,116.66666666666667,25,"(0.6, 0.4)",5,0.0,4,5,True,False
2,0.95,0.85,2,1.1005017442629852,True,0.3353582222222222,34,106.07142857142857,25,"(0.6, 0.4)",5,0.0,4,5,True,False
3,0.95,0.85,3,1.1030599510311498,True,0.40639377777777774,28,130.0,25,"(0.6, 0.4)",5,0.0,4,5,True,False
4,0.95,0.85,4,1.0242470225800155,True,0.5565804444444444,32,132.4,25,"(0.6, 0.4)",5,0.0,4,5,True,False
5,0.95,0.86,5,1.0,True,0.32291644444444445,20,85.93333333333334,25,"(0.6, 0.4)",5,0.0,4,5,True,False
6,0.95,0.86,6,1.0,True,0.2909502222222222,22,55.3,25,"(0.6, 0.4)",5,0.0,4,5,True,False
7,0.95,0.86,7,1.0,True,0.4626222222222222,21,206.35999999999999,25,"(0.6, 0.4)",5,0.0,4,5,True,False
8,0.95,0.86,8,1.1022792649949578,True,0.49479022222222224,21,111.03333333333333,25,"(0.6, 0.4)",5,0.0,4,5,True,False
9,0.95,0.86,9,1.0,True,0.4828355555555556,31,105.3,25,"(0.6, 0.4)",5,0.0,4,5,True,False
10,0.95,0.87,10,1.0,True,0.517527111111111,19,134.0,25,"(0.6, 0.4)",5,0.0,4,5,True,False
11,0.95,0.87,11,1.0685777445752538,True,0.4016737777777778,15,75.64,25,"(0.6, 0.4)",5,0.0,4,5,True,False
12,0.95,0.87,12,1.0,True,0.5300035555555556,28,226.2,25,"(0.6, 0.4)",5,0.0,4,5,True,False
13,0.95,0.87,13,1.0,False,0.37536088888888886,18,57.900000000000006,25,"(0.6, 0.4)",5,0.0,4,5,True,False
14,0.95,0.87,14,1.0,True,0.3876257777777778,19,114.1,25,"(0.6, 0.4)",5,0.0,4,5,True,False
15,0.95,0.88,15,1.0,True,0.5772275555555555,35,200.5,25,"(0.6, 0.4)",5,0.0,4,5,True,False
16,0.95,0.88,16,1.0,True,0.39431022222222223,14,106.96,25,"(0.6, 0.4)",5,0.0,4,5,True,False
17,0.95,0.88,17,1.0,True,0.600872,25,147.0,25,"(0.6, 0.4)",5,0.0,4,5,True,False
18,0.95,0.88,18,1.0,True,0.581224,18,228.6,25,"(0.6, 0.4)",5,0.0,4,5,True,False
19,0.95,0.88,19,1.0,True,0.46039288888888885,22,206.28571428571428,25,"(0.6, 0.4)",5,0.0,4,5,True,False
20,0.95,0.89,20,1.0,True,0.5065555555555555,26,219.7,25,"(0.6, 0.4)",5,0.0,4,5,True,False
21,0.95,0.89,21,1.0130864261556096,True,0.40513333333333335,18,74.81666666666666,25,"(0.6, 0.4)",5,0.0,4,5,True,False
22,0.95,0.89,22,1.1721397655869066,True,0.33587999999999996,25,74.36666666666667,25,"(0.6, 0.4)",5,0.0,4,5,True,False
23,0.95,0.89,23,1.0,True,0.45476799999999995,23,209.56,25,"(0.6, 0.4)",5,0.0,4,5,True,False
24,0.95,0.89,24,1.0,True,0.49656355555555554,23,210.4,25,"(0.6, 0.4)",5,0.0,4,5,True,False
25,0.95,0.9,25,1.0,True,0.6256444444444444,29,94.13333333333333,25,"(0.6, 0.4)",5,0.0,4,5,True,False
26,0.95,0.9,26,1.1415148304449634,True,0.4962631111111111,40,108.8,25,"(0.6, 0.4)",5,0.0,4,5,True,False
27,0.95,0.9,27,1.0,True,0.50312,35,211.6,25,"(0.6, 0.4)",5,0.0,4,5,True,False
28,0.95,0.9,28,1.0,True,0.5860542222222223,26,94.6,25,"(0.6, 0.4)",5,0.0,4,5,True,False
29,0.95,0.9,29,1.0,True,0.561448,21,231.46666666666667,25,"(0.6, 0.4)",5,0.0,4,5,True,False
30,0.95,0.9099999999999999,30,1.0,True,0.5874675555555555,25,233.26666666666665,25,"(0.6, 0.4)",5,0.0,4,5,True,False
31,0.95,0.9099999999999999,31,1.2147512017572386,True,0.7216391111111111,36,193.9,25,"(0.6, 0.4)",5,0.0,4,5,True,False
32,0.95,0.9099999999999999,32,1.0,True,0.585239111111111,20,95.4,25,"(0.6, 0.4)",5,0.0,4,5,True,False
33,0.95,0.9099999999999999,33,1.0,True,0.4851848888888889,24,80.75999999999999,25,"(0.6, 0.4)",5,0.0,4,5,True,False
34,0.95,0.9099999999999999,34,1.0,True,0.5612408888888889,35,235.6,25,"(0.6, 0.4)",5,0.0,4,5,True,False
35,0.95,0.9199999999999999,35,1.0,True,0.5940151111111112,19,133.13333333333333,25,"(0.6, 0.4)",5,0.0,4,5,True,False
36,0.95,0.9199999999999999,36,1.6274675325383496,True,0.6513715555555555,31,248.20000000000002,25,"(0.6, 0.4)",5,0.0,4,5,True,False
37,0.95,0.9199999999999999,37,1.0,True,0.6676568888888889,37,241.26666666666668,25,"(0.6, 0.4)",5,0.0,4,5,True,False
38,0.95,0.9199999999999999,38,1.0,True,0.716328,21,111.4,25,"(0.6, 0.4)",5,0.0,4,5,True,False
39,0.95,0.9199999999999999,39,1.2395115291984289,True,0.742056,46,194.3,25,"(0.6, 0.4)",5,0.0,4,5,True,False
40,0.95,0.9299999999999999,40,1.0,True,0.6403635555555556,21,240.53333333333333,25,"(0.6, 0.4)",5,0.0,4,5,True,False
41,0.95,0.9299999999999999,41,1.0,True,0.6071235555555555,31,228.8,25,"(0.6, 0.4)",5,0.0,4,5,True,False
42,0.95,0.9299999999999999,42,1.0,True,0.7170097777777777,47,197.0,25,"(0.6, 0.4)",5,0.0,4,5,True,False
43,0.95,0.9299999999999999,43,1.0,True,0.7211484444444445,24,135.26666666666668,25,"(0.6, 0.4)",5,0.0,4,5,True,False
44,0.95,0.9299999999999999,44,1.0,True,0.6934782222222222,23,228.9,25,"(0.6, 0.4)",5,0.0,4,5,True,False
45,0.95,0.94,45,1.0,True,0.526952,20,149.3,25,"(0.6, 0.4)",5,0.0,4,5,True,False
46,0.95,0.94,46,1.0,True,0.606296,16,233.89999999999998,25,"(0.6, 0.4)",5,0.0,4,5,True,False
47,0.95,0.94,47,1.0,True,0.5378711111111111,13,129.8,25,"(0.6, 0.4)",5,0.0,4,5,True,False
48,0.95,0.94,48,1.0,True,0.5282382222222223,24,226.46666666666664,25,"(0.6, 0.4)",5,0.0,4,5,True,False
49,0.95,0.94,49,1.248799027215161,True,0.6695022222222222,28,240.86666666666665,25,"(0.6, 0.4)",5,0.0,4,5,True,False
50,0.95,0.95,50,1.0,True,0.7326275555555555,17,247.26666666666665,25,"(0.6, 0.4)",5,0.0,4,5,True,False
51,0.95,0.95,51,1.0,True,0.5709128888888889,33,232.07999999999998,25,"(0.6, 0.4)",5,0.0,4,5,True,False
52,0.95,0.95,52,1.0,True,0.7300622222222222,19,270.4,25,"(0.6, 0.4)",5,0.0,4,5,True,False
53,0.95,0.95,53,1.0,True,0.6137928888888888,24,240.26666666666665,25,"(0.6, 0.4)",5,0.0,4,5,True,False
54,0.95,0.95,54,1.0,True,0.8069591111111112,23,172.2,25,"(0.6, 0.4)",5,0.0,4,5,True,False
55,0.95,0.96,55,1.0,True,0.722576,36,245.66666666666666,25,"(0.6, 0.4)",5,0.0,4,5,True,False
56,0.95,0.96,56,1.0,True,0.69828,22,235.26666666666668,25,"(0.6, 0.4)",5,0.0,4,5,True,False
57,0.95,0.96,57,1.0,True,0.7395724444444445,17,138.93333333333334,25,"(0.6, 0.4)",5,0.0,4,5,True,False
58,0.95,0.96,58,1.0,True,0.615032,27,242.1,25,"(0.6, 0.4)",5,0.0,4,5,True,False
59,0.95,0.96,59,1.0,True,0.6134462222222222,37,236.1,25,"(0.6, 0.4)",5,0.0,4,5,True,False
60,0.95,0.97,60,1.0,True,0.6916675555555556,17,241.53333333333333,25,"(0.6, 0.4)",5,0.0,4,5,True,False
61,0.95,0.97,61,1.649305510165283,True,0.7995955555555555,29,236.5,25,"(0.6, 0.4)",5,0.0,4,5,True,False
62,0.95,0.97,62,1.0,True,0.6178577777777777,14,137.29999999999998,25,"(0.6, 0.4)",5,0.0,4,5,True,False
63,0.95,0.97,63,4.465640651207782,True,0.791624,39,259.4,25,"(0.6, 0.4)",5,0.0,4,5,True,False
64,0.95,0.97,64,1.0,True,0.9861439999999999,24,308.6,25,"(0.6, 0.4)",5,0.0,4,5,True,False
65,0.95,0.98,65,1.0,True,0.6763235555555556,22,241.4,25,"(0.6, 0.4)",5,0.0,4,5,True,False
66,0.95,0.98,66,1.0,True,0.6855128888888888,43,249.13333333333333,25,"(0.6, 0.4)",5,0.0,4,5,True,False
67,0.95,0.98,67,1.3153063348037404,True,0.7382799999999999,34,271.4,25,"(0.6, 0.4)",5,0.0,4,5,True,False
68,0.95,0.98,68,1.0,True,0.7916302222222222,25,106.0,25,"(0.6, 0.4)",5,0.0,4,5,True,False
69,0.95,0.98,69,1.0,True,0.7833680000000001,35,269.2,25,"(0.6, 0.4)",5,0.0,4,5,True,False
70,0.95,0.99,70,1.2174131168806097,True,0.6650648888888889,22,252.8,25,"(0.6, 0.4)",5,0.0,4,5,True,False
71,0.95,0.99,71,1.3756411882149242,True,0.7432248888888889,50,276.4,25,"(0.6, 0.4)",5,0.0,4,5,True,False
72,0.95,0.99,72,1.0,True,0.6646000000000001,23,249.7,25,"(0.6, 0.4)",5,0.0,4,5,True,False
73,0.95,0.99,73,1.8262859495753996,True,0.76776,30,258.4,25,"(0.6, 0.4)",5,0.0,4,5,True,False
74,0.95,0.99,74,1.1458407898309528,True,0.7232008888888888,31,253.5,25,"(0.6, 0.4)",5,0.0,4,5,True,False
75,0.96,0.85,75,1.0,True,0.4558764444444444,25,136.6,25,"(0.6, 0.4)",5,0.0,4,5,True,False
76,0.96,0.85,76,1.2039717106028882,False,0.28500355555555557,21,56.13333333333333,25,"(0.6, 0.4)",5,0.0,4,5,True,False
77,0.96,0.85,77,1.055955083231797,True,0.26370666666666664,13,30.880000000000003,25,"(0.6, 0.4)",5,0.0,4,5,True,False
78,0.96,0.85,78,1.0,True,0.5157591111111111,27,106.8,25,"(0.6, 0.4)",5,0.0,4,5,True,False
79,0.96,0.85,79,1.2500717863168653,True,0.4146328888888889,33,72.68,25,"(0.6, 0.4)",5,0.0,4,5,True,False
80,0.96,0.86,80,1.0,True,0.3017066666666667,21,55.9,25,"(0.6, 0.4)",5,0.0,4,5,True,False
81,0.96,0.86,81,1.0,True,0.4270408888888889,30,110.8,25,"(0.6, 0.4)",5,0.0,4,5,True,False
82,0.96,0.86,82,1.0,True,0.4780311111111111,23,126.30000000000001,25,"(0.6, 0.4)",5,0.0,4,5,True,False
83,0.96,0.86,83,1.008229529667365,True,0.4279982222222222,26,108.14,25,"(0.6, 0.4)",5,0.0,4,5,True,False
84,0.96,0.86,84,1.0,True,0.45305422222222225,27,62.66,25,"(0.6, 0.4)",5,0.0,4,5,True,False
85,0.96,0.87,85,1.0,True,0.5200968888888888,20,103.0,25,"(0.6, 0.4)",5,0.0,4,5,True,False
86,0.96,0.87,86,1.0,True,0.47420533333333326,24,88.85,25,"(0.6, 0.4)",5,0.0,4,5,True,False
87,0.96,0.87,87,1.4634058721135679,True,0.5317546666666666,21,134.95,25,"(0.6, 0.4)",5,0.0,4,5,True,False
88,0.96,0.87,88,1.0,True,0.666112,27,267.2,25,"(0.6, 0.4)",5,0.0,4,5,True,False
89,0.96,0.87,89,1.0,True,0.5183271111111111,25,104.6,25,"(0.6, 0.4)",5,0.0,4,5,True,False
90,0.96,0.88,90,1.0,True,0.4576355555555556,18,139.2,25,"(0.6, 0.4)",5,0.0,4,5,True,False
91,0.96,0.88,91,1.0,True,0.43664888888888886,22,91.13333333333333,25,"(0.6, 0.4)",5,0.0,4,5,True,False
92,0.96,0.88,92,1.0,True,0.5835742222222222,33,228.79999999999998,25,"(0.6, 0.4)",5,0.0,4,5,True,False
93,0.96,0.88,93,1.0,True,0.40615199999999996,27,111.76666666666667,25,"(0.6, 0.4)",5,0.0,4,5,True,False
94,0.96,0.88,94,1.3189030081481556,True,0.5782737777777778,27,104.60000000000001,25,"(0.6, 0.4)",5,0.0,4,5,True,False
95,0.96,0.89,95,1.0,True,0.4242097777777778,22,83.8,25,"(0.6, 0.4)",5,0.0,4,5,True,False
96,0.96,0.89,96,1.360106470616764,True,0.5906417777777777,34,79.32,25,"(0.6, 0.4)",5,0.0,4,5,True,False
97,0.96,0.89,97,1.091187048800109,True,0.5345564444444444,36,179.2,25,"(0.6, 0.4)",5,0.0,4,5,True,False
98,0.96,0.89,98,1.0,True,0.6893128888888889,24,246.6,25,"(0.6, 0.4)",5,0.0,4,5,True,False
99,0.96,0.89,99,1.0,True,0.626767111111111,24,131.8,25,"(0.6, 0.4)",5,0.0,4,5,True,False
100,0.96,0.9,100,1.0,True,0.4136631111111111,32,118.19999999999999,25,"(0.6, 0.4)",5,0.0,4,5,True,False
101,0.96,0.9,101,1.0,True,0.6206977777777778,27,151.0,25,"(0.6, 0.4)",5,0.0,4,5,True,False
102,0.96,0.9,102,1.0,True,0.3939662222222222,18,89.6,25,"(0.6, 0.4)",5,0.0,4,5,True,False
103,0.96,0.9,103,1.0,True,0.6286257777777777,32,179.2,25,"(0.6, 0.4)",5,0.0,4,5,True,False
104,0.96,0.9,104,1.0,False,0.381488,18,66.8,25,"(0.6, 0.4)",5,0.0,4,5,True,False
105,0.96,0.9099999999999999,105,1.0,True,0.5283422222222223,15,128.7,25,"(0.6, 0.4)",5,0.0,4,5,True,False
106,0.96,0.9099999999999999,106,1.0,True,0.4683031111111111,19,140.2,25,"(0.6, 0.4)",5,0.0,4,5,True,False
107,0.96,0.9099999999999999,107,1.6292803018845614,True,0.5761102222222222,31,131.1,25,"(0.6, 0.4)",5,0.0,4,5,True,False
108,0.96,0.9099999999999999,108,1.0,True,0.4888968888888889,18,85.1,25,"(0.6, 0.4)",5,0.0,4,5,True,False
109,0.96,0.9099999999999999,109,1.0,True,0.7328497777777777,21,186.9,25,"(0.6, 0.4)",5,0.0,4,5,True,False
110,0.96,0.9199999999999999,110,1.0,True,0.5117804444444445,29,145.0,25,"(0.6, 0.4)",5,0.0,4,5,True,False
111,0.96,0.9199999999999999,111,1.2709069126418604,True,0.746383111111111,29,132.43333333333334,25,"(0.6, 0.4)",5,0.0,4,5,True,False
112,0.96,0.9199999999999999,112,1.0,True,0.5679004444444444,26,181.4,25,"(0.6, 0.4)",5,0.0,4,5,True,False
113,0.96,0.9199999999999999,113,1.0,True,0.5148515555555555,26,121.02000000000001,25,"(0.6, 0.4)",5,0.0,4,5,True,False
114,0.96,0.9199999999999999,114,1.0,True,0.6064568888888888,26,187.9,25,"(0.6, 0.4)",5,0.0,4,5,True,False
115,0.96,0.9299999999999999,115,1.0,True,0.6438737777777778,17,150.5,25,"(0.6, 0.4)",5,0.0,4,5,True,False
116,0.96,0.9299999999999999,116,1.819426954964424,True,0.817472,28,295.8,25,"(0.6, 0.4)",5,0.0,4,5,True,False
117,0.96,0.9299999999999999,117,1.0,True,0.5598062222222222,28,227.2,25,"(0.6, 0.4)",5,0.0,4,5,True,False
118,0.96,0.9299999999999999,118,1.0,True,0.7710195555555555,37,142.3,25,"(0.6, 0.4)",5,0.0,4,5,True,False
119,0.96,0.9299999999999999,119,1.0,True,0.6127342222222222,16,79.35,25,"(0.6, 0.4)",5,0.0,4,5,True,False
120,0.96,0.94,120,1.0,True,0.4920053333333333,17,100.73333333333333,25,"(0.6, 0.4)",5,0.0,4,5,True,False
121,0.96,0.94,121,1.2388162322642078,True,0.6343751111111111,18,118.0,25,"(0.6, 0.4)",5,0.0,4,5,True,False
122,0.96,0.94,122,1.0,True,0.7270977777777778,20,150.7,25,"(0.6, 0.4)",5,0.0,4,5,True,False
123,0.96,0.94,123,1.0,True,0.6973688888888889,22,115.0,25,"(0.6, 0.4)",5,0.0,4,5,True,False
124,0.96,0.94,124,1.0,True,0.6434595555555556,43,255.6,25,"(0.6, 0.4)",5,0.0,4,5,True,False
125,0.96,0.95,125,1.0558584666880906,True,0.6871528888888889,28,237.7,25,"(0.6, 0.4)",5,0.0,4,5,True,False
126,0.96,0.95,126,1.0,True,0.5446462222222223,16,94.1,25,"(0.6, 0.4)",5,0.0,4,5,True,False
127,0.96,0.95,127,1.0,True,0.6641102222222222,32,202.60000000000002,25,"(0.6, 0.4)",5,0.0,4,5,True,False
128,0.96,0.95,128,1.0,True,0.8942728888888889,20,301.6,25,"(0.6, 0.4)",5,0.0,4,5,True,False
129,0.96,0.95,129,1.0,True,0.4728951111111111,13,128.7,25,"(0.6, 0.4)",5,0.0,4,5,True,False
130,0.96,0.96,130,1.0,True,0.6897902222222222,26,235.11999999999998,25,"(0.6, 0.4)",5,0.0,4,5,True,False
131,0.96,0.96,131,1.0,True,0.598551111111111,19,136.83333333333334,25,"(0.6, 0.4)",5,0.0,4,5,True,False
132,0.96,0.96,132,1.0,True,0.5702577777777778,15,144.33333333333331,25,"(0.6, 0.4)",5,0.0,4,5,True,False
133,0.96,0.96,133,1.0,True,0.6153759999999999,28,240.79999999999998,25,"(0.6, 0.4)",5,0.0,4,5,True,False
134,0.96,0.96,134,1.6167033627242025,True,0.6863688888888888,20,154.9,25,"(0.6, 0.4)",5,0.0,4,5,True,False
135,0.96,0.97,135,1.0,True,0.7273288888888889,28,154.0,25,"(0.6, 0.4)",5,0.0,4,5,True,False
136,0.96,0.97,136,1.2111364395687163,True,0.9060408888888889,32,278.4,25,"(0.6, 0.4)",5,0.0,4,5,True,False
137,0.96,0.97,137,1.0,True,0.7822195555555556,24,206.10000000000002,25,"(0.6, 0.4)",5,0.0,4,5,True,False
138,0.96,0.97,138,1.0,True,0.6516595555555555,27,252.39999999999998,25,"(0.6, 0.4)",5,0.0,4,5,True,False
139,0.96,0.97,139,1.0,True,0.6694702222222222,32,247.86666666666665,25,"(0.6, 0.4)",5,0.0,4,5,True,False
140,0.96,0.98,140,1.0,True,0.772208,20,269.0,25,"(0.6, 0.4)",5,0.0,4,5,True,False
141,0.96,0.98,141,1.0,True,0.68052,30,243.9,25,"(0.6, 0.4)",5,0.0,4,5,True,False
142,0.96,0.98,142,1.208377396265488,True,0.7630675555555555,17,105.6,25,"(0.6, 0.4)",5,0.0,4,5,True,False
143,0.96,0.98,143,1.0,True,0.8069040000000001,16,240.04000000000002,25,"(0.6, 0.4)",5,0.0,4,5,True,False
144,0.96,0.98,144,1.3050591221922536,True,0.6973235555555555,32,250.33333333333331,25,"(0.6, 0.4)",5,0.0,4,5,True,False
145,0.96,0.99,145,1.0349775306411402,True,0.6928755555555555,27,141.96666666666667,25,"(0.6, 0.4)",5,0.0,4,5,True,False
146,0.96,0.99,146,1.0,True,0.6638488888888889,27,249.0,25,"(0.6, 0.4)",5,0.0,4,5,True,False
147,0.96,0.99,147,1.0,True,0.6601555555555556,32,250.9,25,"(0.6, 0.4)",5,0.0,4,5,True,False
148,0.96,0.99,148,1.282582891965267,True,0.9217671111111111,23,175.2,25,"(0.6, 0.4)",5,0.0,4,5,True,False
149,0.96,0.99,149,1.2989922487553494,True,0.6687048888888889,22,106.86666666666666,25,"(0.6, 0.4)",5,0.0,4,5,True,False
150,0.97,0.85,150,1.415761491892171,True,0.6230942222222222,31,176.3,25,"(0.6, 0.4)",5,0.0,4,5,True,False
151,0.97,0.85,151,1.0988812686944023,True,0.24271199999999998,16,73.26666666666667,25,"(0.6, 0.4)",5,0.0,4,5,True,False
152,0.97,0.85,152,1.0,True,0.42144000000000004,16,198.33333333333334,25,"(0.6, 0.4)",5,0.0,4,5,True,False
153,0.97,0.85,153,1.8405228190395184,True,0.3895191111111111,18,92.0,25,"(0.6, 0.4)",5,0.0,4,5,True,False
154,0.97,0.85,154,1.0,True,0.609056,43,135.2,25,"(0.6, 0.4)",5,0.0,4,5,True,False
155,0.97,0.86,155,1.0,False,0.24424177777777778,18,54.964285714285715,25,"(0.6, 0.4)",5,0.0,4,5,True,False
156,0.97,0.86,156,1.1056684980300284,True,0.4779662222222222,22,83.6,25,"(0.6, 0.4)",5,0.0,4,5,True,False
157,0.97,0.86,157,1.498202130021133,True,0.502448,29,121.06666666666666,25,"(0.6, 0.4)",5,0.0,4,5,True,False
158,0.97,0.86,158,1.070441414547386,True,0.2582844444444444,21,72.91999999999999,25,"(0.6, 0.4)",5,0.0,4,5,True,False
159,0.97,0.86,159,1.449866770345673,True,0.3228417777777778,25,98.80000000000001,25,"(0.6, 0.4)",5,0.0,4,5,True,False
160,0.97,0.87,160,1.099451308769808,True,0.38270044444444445,21,61.129999999999995,25,"(0.6, 0.4)",5,0.0,4,5,True,False
161,0.97,0.87,161,1.0,True,0.5262515555555556,34,216.4,25,"(0.6, 0.4)",5,0.0,4,5,True,False
162,0.97,0.87,162,1.5564316213643687,False,0.3117253333333333,21,52.44,25,"(0.6, 0.4)",5,0.0,4,5,True,False
163,0.97,0.87,163,1.0,True,0.4346986666666667,25,77.93333333333334,25,"(0.6, 0.4)",5,0.0,4,5,True,False
164,0.97,0.87,164,1.0,True,0.49604355555555557,31,98.19999999999999,25,"(0.6, 0.4)",5,0.0,4,5,True,False
165,0.97,0.88,165,1.1653349972893372,True,0.5330817777777778,26,110.6,25,"(0.6, 0.4)",5,0.0,4,5,True,False
166,0.97,0.88,166,1.3014754416253898,True,0.44600711111111113,28,108.43333333333332,25,"(0.6, 0.4)",5,0.0,4,5,True,False
167,0.97,0.88,167,1.0,True,0.5183084444444445,27,80.56,25,"(0.6, 0.4)",5,0.0,4,5,True,False
168,0.97,0.88,168,1.6093239437143225,True,0.5990168888888888,27,225.66666666666669,25,"(0.6, 0.4)",5,0.0,4,5,True,False
169,0.97,0.88,169,1.0,True,0.5611031111111111,21,92.53333333333333,25,"(0.6, 0.4)",5,0.0,4,5,True,False
170,0.97,0.89,170,1.0,True,0.6339422222222222,29,233.39999999999998,25,"(0.6, 0.4)",5,0.0,4,5,True,False
171,0.97,0.89,171,1.406880254161681,True,0.5786622222222222,28,220.9,25,"(0.6, 0.4)",5,0.0,4,5,True,False
172,0.97,0.89,172,1.0,True,0.5677777777777777,22,91.0,25,"(0.6, 0.4)",5,0.0,4,5,True,False
173,0.97,0.89,173,1.43017309054223,True,0.5710577777777778,38,183.89999999999998,25,"(0.6, 0.4)",5,0.0,4,5,True,False
174,0.97,0.89,174,1.0,True,0.5396417777777778,21,148.0,25,"(0.6, 0.4)",5,0.0,4,5,True,False
175,0.97,0.9,175,1.0,True,0.5141342222222223,18,225.6,25,"(0.6, 0.4)",5,0.0,4,5,True,False
176,0.97,0.9,176,1.0,True,0.5020995555555555,22,208.16,25,"(0.6, 0.4)",5,0.0,4,5,True,False
177,0.97,0.9,177,1.6313931822192937,True,0.5039795555555555,25,118.89999999999999,25,"(0.6, 0.4)",5,0.0,4,5,True,False
178,0.97,0.9,178,1.9241348468177608,True,0.6897288888888888,23,135.9,25,"(0.6, 0.4)",5,0.0,4,5,True,False
179,0.97,0.9,179,1.0,True,0.5186453333333334,19,76.5,25,"(0.6, 0.4)",5,0.0,4,5,True,False
180,0.97,0.9099999999999999,180,1.0,True,0.6309591111111111,25,110.79999999999998,25,"(0.6, 0.4)",5,0.0,4,5,True,False
181,0.97,0.9099999999999999,181,1.0,True,0.7614168888888888,22,232.8,25,"(0.6, 0.4)",5,0.0,4,5,True,False
182,0.97,0.9099999999999999,182,1.0,True,0.6305235555555555,28,213.9,25,"(0.6, 0.4)",5,0.0,4,5,True,False
183,0.97,0.9099999999999999,183,1.0,True,0.6625466666666666,24,96.93333333333334,25,"(0.6, 0.4)",5,0.0,4,5,True,False
184,0.97,0.9099999999999999,184,1.0,True,0.5844337777777777,25,92.85,25,"(0.6, 0.4)",5,0.0,4,5,True,False
185,0.97,0.9199999999999999,185,1.1663290653257874,True,0.6148995555555555,26,252.79999999999998,25,"(0.6, 0.4)",5,0.0,4,5,True,False
186,0.97,0.9199999999999999,186,1.0800703799035778,True,0.4843431111111111,26,145.5,25,"(0.6, 0.4)",5,0.0,4,5,True,False
187,0.97,0.9199999999999999,187,2.5603054812009662,True,0.6205831111111111,29,148.6,25,"(0.6, 0.4)",5,0.0,4,5,True,False
188,0.97,0.9199999999999999,188,1.0,True,0.5339484444444444,25,132.9,25,"(0.6, 0.4)",5,0.0,4,5,True,False
189,0.97,0.9199999999999999,189,1.2036914762715152,True,0.6487368888888889,29,145.4,25,"(0.6, 0.4)",5,0.0,4,5,True,False
190,0.97,0.9299999999999999,190,1.0,True,0.6727048888888889,19,114.4,25,"(0.6, 0.4)",5,0.0,4,5,True,False
191,0.97,0.9299999999999999,191,1.1014283683907737,True,0.6106151111111111,22,137.1,25,"(0.6, 0.4)",5,0.0,4,5,True,False
192,0.97,0.9299999999999999,192,2.5082641089597986,True,0.6398222222222222,29,124.76666666666668,25,"(0.6, 0.4)",5,0.0,4,5,True,False
193,0.97,0.9299999999999999,193,1.7654232601796793,True,0.5850035555555555,38,229.5,25,"(0.6, 0.4)",5,0.0,4,5,True,False
194,0.97,0.9299999999999999,194,1.0,True,0.8207679999999999,27,161.8,25,"(0.6, 0.4)",5,0.0,4,5,True,False
195,0.97,0.94,195,1.0,True,0.6302542222222222,23,194.4,25,"(0.6, 0.4)",5,0.0,4,5,True,False
196,0.97,0.94,196,1.0,True,0.6000568888888889,23,239.6,25,"(0.6, 0.4)",5,0.0,4,5,True,False
197,0.97,0.94,197,1.0,True,0.5568497777777778,15,148.9,25,"(0.6, 0.4)",5,0.0,4,5,True,False
198,0.97,0.94,198,1.0,True,0.8784,18,310.20000000000005,25,"(0.6, 0.4)",5,0.0,4,5,True,False
199,0.97,0.94,199,1.0,True,0.6457368888888889,23,247.20000000000002,25,"(0.6, 0.4)",5,0.0,4,5,True,False
200,0.97,0.95,200,1.534346731865766,True,0.534872,29,229.2,25,"(0.6, 0.4)",5,0.0,4,5,True,False
201,0.97,0.95,201,1.1295952547099115,True,0.5964595555555555,21,232.39999999999998,25,"(0.6, 0.4)",5,0.0,4,5,True,False
202,0.97,0.95,202,1.0,True,0.5748408888888888,17,238.2,25,"(0.6, 0.4)",5,0.0,4,5,True,False
203,0.97,0.95,203,1.0,True,0.734768,14,236.20000000000002,25,"(0.6, 0.4)",5,0.0,4,5,True,False
204,0.97,0.95,204,1.0,True,0.7099271111111112,24,117.4,25,"(0.6, 0.4)",5,0.0,4,5,True,False
205,0.97,0.96,205,1.0,True,0.6849315555555555,19,155.9,25,"(0.6, 0.4)",5,0.0,4,5,True,False
206,0.97,0.96,206,1.2859538637752141,True,0.818568,15,270.0,25,"(0.6, 0.4)",5,0.0,4,5,True,False
207,0.97,0.96,207,1.2036242646523314,True,0.7112088888888889,21,264.6,25,"(0.6, 0.4)",5,0.0,4,5,True,False
208,0.97,0.96,208,1.0,True,0.7633182222222221,15,234.9,25,"(0.6, 0.4)",5,0.0,4,5,True,False
209,0.97,0.96,209,1.9440826318062068,True,0.7388835555555555,31,244.53333333333333,25,"(0.6, 0.4)",5,0.0,4,5,True,False
210,0.97,0.97,210,1.0,True,0.7998382222222222,25,231.79999999999998,25,"(0.6, 0.4)",5,0.0,4,5,True,False
211,0.97,0.97,211,1.1924794464813377,True,0.7110364444444444,25,203.4,25,"(0.6, 0.4)",5,0.0,4,5,True,False
212,0.97,0.97,212,1.0,True,0.7480675555555555,20,260.8,25,"(0.6, 0.4)",5,0.0,4,5,True,False
213,0.97,0.97,213,1.0,True,0.7909991111111111,24,140.6,25,"(0.6, 0.4)",5,0.0,4,5,True,False
214,0.97,0.97,214,1.0,True,0.735576888888889,39,250.13333333333333,25,"(0.6, 0.4)",5,0.0,4,5,True,False
215,0.97,0.98,215,1.295587525892791,True,0.8075608888888889,17,276.0,25,"(0.6, 0.4)",5,0.0,4,5,True,False
216,0.97,0.98,216,1.252333678071825,True,0.7597244444444444,20,144.23333333333335,25,"(0.6, 0.4)",5,0.0,4,5,True,False
217,0.97,0.98,217,1.0,True,0.7863368888888889,17,272.2,25,"(0.6, 0.4)",5,0.0,4,5,True,False
218,0.97,0.98,218,1.0,True,0.7090497777777778,19,121.0,25,"(0.6, 0.4)",5,0.0,4,5,True,False
219,0.97,0.98,219,1.6777822520509413,True,0.8870471111111111,22,207.89999999999998,25,"(0.6, 0.4)",5,0.0,4,5,True,False
220,0.97,0.99,220,1.5287939445765621,True,0.7417422222222222,27,172.8,25,"(0.6, 0.4)",5,0.0,4,5,True,False
221,0.97,0.99,221,1.0,True,0.6269279999999999,24,249.0,25,"(0.6, 0.4)",5,0.0,4,5,True,False
222,0.97,0.99,222,1.1744224916477393,True,0.8020888888888889,25,269.0,25,"(0.6, 0.4)",5,0.0,4,5,True,False
223,0.97,0.99,223,1.136312655778563,True,0.7142204444444444,19,160.0,25,"(0.6, 0.4)",5,0.0,4,5,True,False
224,0.97,0.99,224,1.0,True,0.8161422222222222,23,211.0,25,"(0.6, 0.4)",5,0.0,4,5,True,False
225,0.98,0.85,225,1.2969971625472079,False,0.22881866666666667,15,44.62,25,"(0.6, 0.4)",5,0.0,4,5,True,False
226,0.98,0.85,226,1.0,True,0.4445564444444444,30,99.0,25,"(0.6, 0.4)",5,0.0,4,5,True,False
227,0.98,0.85,227,1.4498111851198896,False,0.3186951111111111,20,74.36,25,"(0.6, 0.4)",5,0.0,4,5,True,False
228,0.98,0.85,228,1.0,True,0.37162844444444443,25,55.209999999999994,25,"(0.6, 0.4)",5,0.0,4,5,True,False
229,0.98,0.85,229,1.0,True,0.541392,23,115.8,25,"(0.6, 0.4)",5,0.0,4,5,True,False
230,0.98,0.86,230,1.0,True,0.4537982222222222,39,88.0,25,"(0.6, 0.4)",5,0.0,4,5,True,False
231,0.98,0.86,231,1.3161259423324976,False,0.31999377777777777,21,79.5,25,"(0.6, 0.4)",5,0.0,4,5,True,False
232,0.98,0.86,232,1.09078796442579,True,0.5650417777777778,17,124.85000000000001,25,"(0.6, 0.4)",5,0.0,4,5,True,False
233,0.98,0.86,233,1.341568248238175,False,0.2727093333333333,16,61.0,25,"(0.6, 0.4)",5,0.0,4,5,True,False
234,0.98,0.86,234,1.130837414911014,True,0.4368835555555556,36,102.6,25,"(0.6, 0.4)",5,0.0,4,5,True,False
235,0.98,0.87,235,1.0,True,0.4981688888888889,21,207.56,25,"(0.6, 0.4)",5,0.0,4,5,True,False
236,0.98,0.87,236,1.0,True,0.40072088888888885,17,195.15,25,"(0.6, 0.4)",5,0.0,4,5,True,False
237,0.98,0.87,237,1.0,True,0.4847315555555556,27,217.7,25,"(0.6, 0.4)",5,0.0,4,5,True,False
238,0.98,0.87,238,1.4224244602724516,True,0.6619777777777778,17,132.9,25,"(0.6, 0.4)",5,0.0,4,5,True,False
239,0.98,0.87,239,1.0,True,0.4158168888888889,24,108.10000000000001,25,"(0.6, 0.4)",5,0.0,4,5,True,False
240,0.98,0.88,240,1.2890768771477115,True,0.38460177777777776,22,136.7,25,"(0.6, 0.4)",5,0.0,4,5,True,False
241,0.98,0.88,241,1.6484130802971562,True,0.45309866666666665,29,107.0,25,"(0.6, 0.4)",5,0.0,4,5,True,False
242,0.98,0.88,242,1.9824618833757257,True,0.43405422222222223,18,206.73333333333335,25,"(0.6, 0.4)",5,0.0,4,5,True,False
243,0.98,0.88,243,3.032898686521369,True,0.5396426666666667,38,107.2,25,"(0.6, 0.4)",5,0.0,4,5,True,False
244,0.98,0.88,244,1.0,True,0.4755377777777777,21,102.60000000000001,25,"(0.6, 0.4)",5,0.0,4,5,True,False
245,0.98,0.89,245,1.149944168408912,True,0.5712862222222223,23,183.6,25,"(0.6, 0.4)",5,0.0,4,5,True,False
246,0.98,0.89,246,1.0,True,0.6093057777777777,30,145.10000000000002,25,"(0.6, 0.4)",5,0.0,4,5,True,False
247,0.98,0.89,247,1.0,True,0.5465244444444444,28,123.96666666666667,25,"(0.6, 0.4)",5,0.0,4,5,True,False
248,0.98,0.89,248,1.0,True,0.6368551111111111,28,143.3,25,"(0.6, 0.4)",5,0.0,4,5,True,False
249,0.98,0.89,249,1.0,False,0.4068551111111111,20,109.08,25,"(0.6, 0.4)",5,0.0,4,5,True,False
250,0.98,0.9,250,1.0,True,0.4918382222222222,21,128.13333333333333,25,"(0.6, 0.4)",5,0.0,4,5,True,False
251,0.98,0.9,251,1.1549678003099257,True,0.604744,26,182.8,25,"(0.6, 0.4)",5,0.0,4,5,True,False
252,0.98,0.9,252,1.0,True,0.6337582222222222,20,92.7,25,"(0.6, 0.4)",5,0.0,4,5,True,False
253,0.98,0.9,253,1.0,True,0.4087822222222222,22,90.15,25,"(0.6, 0.4)",5,0.0,4,5,True,False
254,0.98,0.9,254,1.0,True,0.43125777777777774,22,106.6,25,"(0.6, 0.4)",5,0.0,4,5,True,False
255,0.98,0.9099999999999999,255,1.0,True,0.6178915555555555,27,137.1,25,"(0.6, 0.4)",5,0.0,4,5,True,False
256,0.98,0.9099999999999999,256,1.27761583982323,True,0.6814515555555556,23,109.19999999999999,25,"(0.6, 0.4)",5,0.0,4,5,True,False
257,0.98,0.9099999999999999,257,1.925161975646337,True,0.5352168888888889,21,118.5,25,"(0.6, 0.4)",5,0.0,4,5,True,False
258,0.98,0.9099999999999999,258,1.0,True,0.34435377777777776,22,120.39999999999999,25,"(0.6, 0.4)",5,0.0,4,5,True,False
259,0.98,0.9099999999999999,259,1.0,True,0.5867031111111112,17,77.3,25,"(0.6, 0.4)",5,0.0,4,5,True,False
260,0.98,0.9199999999999999,260,1.984377526412777,True,0.6948168888888888,21,193.3,25,"(0.6, 0.4)",5,0.0,4,5,True,False
261,0.98,0.9199999999999999,261,1.3888365833827652,True,0.893448,20,296.4,25,"(0.6, 0.4)",5,0.0,4,5,True,False
262,0.98,0.9199999999999999,262,1.0090913055564283,True,0.5507751111111111,20,127.80000000000001,25,"(0.6, 0.4)",5,0.0,4,5,True,False
263,0.98,0.9199999999999999,263,1.6523964141057266,True,0.5767982222222222,21,242.6,25,"(0.6, 0.4)",5,0.0,4,5,True,False
264,0.98,0.9199999999999999,264,1.0,True,0.6180355555555556,33,235.26666666666665,25,"(0.6, 0.4)",5,0.0,4,5,True,False
265,0.98,0.9299999999999999,265,1.0,True,0.586856,18,233.04,25,"(0.6, 0.4)",5,0.0,4,5,True,False
266,0.98,0.9299999999999999,266,1.0,True,0.6229457777777778,39,128.76666666666665,25,"(0.6, 0.4)",5,0.0,4,5,True,False
267,0.98,0.9299999999999999,267,1.0,True,0.654536,16,88.3,25,"(0.6, 0.4)",5,0.0,4,5,True,False
268,0.98,0.9299999999999999,268,1.1307242850060417,True,0.49427377777777776,15,121.5,25,"(0.6, 0.4)",5,0.0,4,5,True,False
269,0.98,0.9299999999999999,269,1.353690924634658,True,0.5757555555555556,37,229.73333333333332,25,"(0.6, 0.4)",5,0.0,4,5,True,False
270,0.98,0.94,270,1.1486777141954039,True,0.646096,21,245.33333333333334,25,"(0.6, 0.4)",5,0.0,4,5,True,False
271,0.98,0.94,271,1.0,True,0.7310897777777777,19,197.6,25,"(0.6, 0.4)",5,0.0,4,5,True,False
272,0.98,0.94,272,1.0,True,0.7964382222222222,20,239.13333333333333,25,"(0.6, 0.4)",5,0.0,4,5,True,False
273,0.98,0.94,273,1.0,True,0.6464017777777777,18,102.06666666666666,25,"(0.6, 0.4)",5,0.0,4,5,True,False
274,0.98,0.94,274,1.0,True,0.6577528888888888,29,237.2,25,"(0.6, 0.4)",5,0.0,4,5,True,False
275,0.98,0.95,275,1.1058704235694459,True,0.7744177777777778,22,150.7,25,"(0.6, 0.4)",5,0.0,4,5,True,False
276,0.98,0.95,276,1.0,True,0.6192648888888889,45,251.4,25,"(0.6, 0.4)",5,0.0,4,5,True,False
277,0.98,0.95,277,1.8388843222508895,True,0.712208,23,245.6,25,"(0.6, 0.4)",5,0.0,4,5,True,False
278,0.98,0.95,278,1.3933175859178664,True,0.5740995555555555,22,225.60000000000002,25,"(0.6, 0.4)",5,0.0,4,5,True,False
279,0.98,0.95,279,1.3416789715834163,True,0.566927111111111,19,133.46666666666667,25,"(0.6, 0.4)",5,0.0,4,5,True,False
280,0.98,0.96,280,1.164964553038764,True,0.7441288888888888,29,139.33333333333331,25,"(0.6, 0.4)",5,0.0,4,5,True,False
281,0.98,0.96,281,1.0,True,0.7904071111111111,24,121.39999999999999,25,"(0.6, 0.4)",5,0.0,4,5,True,False
282,0.98,0.96,282,1.0786104944474577,True,0.6154382222222222,37,243.0,25,"(0.6, 0.4)",5,0.0,4,5,True,False
283,0.98,0.96,283,1.2939503238877768,True,0.6255342222222222,22,240.0,25,"(0.6, 0.4)",5,0.0,4,5,True,False
284,0.98,0.96,284,1.8723404094685963,True,0.6864008888888888,34,253.60000000000002,25,"(0.6, 0.4)",5,0.0,4,5,True,False
285,0.98,0.97,285,1.057156653650807,True,0.6940195555555555,19,254.4,25,"(0.6, 0.4)",5,0.0,4,5,True,False
286,0.98,0.97,286,1.9642836454254458,True,0.6217902222222222,30,241.32,25,"(0.6, 0.4)",5,0.0,4,5,True,False
287,0.98,0.97,287,1.0087184679006271,True,0.7225502222222222,15,247.73333333333332,25,"(0.6, 0.4)",5,0.0,4,5,True,False
288,0.98,0.97,288,1.0098212006522749,True,0.553712,20,227.48000000000002,25,"(0.6, 0.4)",5,0.0,4,5,True,False
289,0.98,0.97,289,1.395051656757068,True,0.65928,23,240.6,25,"(0.6, 0.4)",5,0.0,4,5,True,False
290,0.98,0.98,290,4.91826935409983,True,0.8892568888888889,44,279.8,25,"(0.6, 0.4)",5,0.0,4,5,True,False
291,0.98,0.98,291,1.0,True,0.7318648888888888,25,207.8,25,"(0.6, 0.4)",5,0.0,4,5,True,False
292,0.98,0.98,292,2.0393351459271662,True,0.7581368888888889,26,251.26666666666668,25,"(0.6, 0.4)",5,0.0,4,5,True,False
293,0.98,0.98,293,2.2343994406490677,True,0.753415111111111,35,121.6,25,"(0.6, 0.4)",5,0.0,4,5,True,False
294,0.98,0.98,294,1.0527935300808706,True,0.7332328888888888,23,254.86666666666665,25,"(0.6, 0.4)",5,0.0,4,5,True,False
295,0.98,0.99,295,1.0,True,0.73312,26,209.5,25,"(0.6, 0.4)",5,0.0,4,5,True,False
296,0.98,0.99,296,1.7194501606324604,True,0.7197875555555555,20,250.29999999999998,25,"(0.6, 0.4)",5,0.0,4,5,True,False
297,0.98,0.99,297,1.0,True,0.6946275555555556,26,242.0,25,"(0.6, 0.4)",5,0.0,4,5,True,False
298,0.98,0.99,298,2.114140423945338,True,0.8211235555555556,24,274.6,25,"(0.6, 0.4)",5,0.0,4,5,True,False
299,0.98,0.99,299,2.2055398961865644,True,0.8257475555555556,21,274.2,25,"(0.6, 0.4)",5,0.0,4,5,True,False
300,0.99,0.85,300,1.068737620071717,True,0.45145688888888885,30,207.66666666666666,25,"(0.6, 0.4)",5,0.0,4,5,True,False
301,0.99,0.85,301,1.0,True,0.4167448888888889,25,109.69999999999999,25,"(0.6, 0.4)",5,0.0,4,5,True,False
302,0.99,0.85,302,2.5340731753939285,True,0.450864,26,198.2,25,"(0.6, 0.4)",5,0.0,4,5,True,False
303,0.99,0.85,303,1.0,False,0.36669066666666666,19,69.05,25,"(0.6, 0.4)",5,0.0,4,5,True,False
304,0.99,0.85,304,1.0,True,0.4365662222222222,36,108.03333333333333,25,"(0.6, 0.4)",5,0.0,4,5,True,False
305,0.99,0.86,305,2.079121250109183,True,0.4596497777777777,24,110.9,25,"(0.6, 0.4)",5,0.0,4,5,True,False
306,0.99,0.86,306,1.158321305205719,True,0.3337946666666667,26,45.78571428571429,25,"(0.6, 0.4)",5,0.0,4,5,True,False
307,0.99,0.86,307,1.0,True,0.5403848888888889,26,77.16,25,"(0.6, 0.4)",5,0.0,4,5,True,False
308,0.99,0.86,308,1.505798533819989,True,0.4286204444444444,18,77.4,25,"(0.6, 0.4)",5,0.0,4,5,True,False
309,0.99,0.86,309,1.0,False,0.33362933333333333,18,85.13333333333334,25,"(0.6, 0.4)",5,0.0,4,5,True,False
310,0.99,0.87,310,1.3332849751308349,False,0.372208,22,64.75,25,"(0.6, 0.4)",5,0.0,4,5,True,False
311,0.99,0.87,311,1.1648178939153884,True,0.3609102222222222,30,98.6,25,"(0.6, 0.4)",5,0.0,4,5,True,False
312,0.99,0.87,312,1.9660739521764528,True,0.565608,22,130.9,25,"(0.6, 0.4)",5,0.0,4,5,True,False
313,0.99,0.87,313,1.4253664088046514,True,0.5121964444444445,20,124.7,25,"(0.6, 0.4)",5,0.0,4,5,True,False
314,0.99,0.87,314,1.9623050588854027,True,0.406848,23,120.46666666666665,25,"(0.6, 0.4)",5,0.0,4,5,True,False
315,0.99,0.88,315,1.362469641610006,True,0.5623857777777778,24,150.0,25,"(0.6, 0.4)",5,0.0,4,5,True,False
316,0.99,0.88,316,1.4003879551024274,True,0.5714853333333334,34,90.3,25,"(0.6, 0.4)",5,0.0,4,5,True,False
317,0.99,0.88,317,1.0813721211624214,True,0.5764355555555556,22,216.8,25,"(0.6, 0.4)",5,0.0,4,5,True,False
318,0.99,0.88,318,2.023378523548034,True,0.722792,14,234.6,25,"(0.6, 0.4)",5,0.0,4,5,True,False
319,0.99,0.88,319,1.6700320208339492,True,0.6183555555555555,33,213.79999999999998,25,"(0.6, 0.4)",5,0.0,4,5,True,False
320,0.99,0.89,320,1.4347148627146935,True,0.6238808888888889,18,228.39999999999998,25,"(0.6, 0.4)",5,0.0,4,5,True,False
321,0.99,0.89,321,1.1010159630738026,True,0.5212222222222223,20,216.28,25,"(0.6, 0.4)",5,0.0,4,5,True,False
322,0.99,0.89,322,2.083809413717399,True,0.3870728888888889,20,93.46666666666667,25,"(0.6, 0.4)",5,0.0,4,5,True,False
323,0.99,0.89,323,1.0528616360851282,True,0.4224186666666666,13,96.46666666666667,25,"(0.6, 0.4)",5,0.0,4,5,True,False
324,0.99,0.89,324,1.5979958809322592,True,0.497776,19,203.2,25,"(0.6, 0.4)",5,0.0,4,5,True,False
325,0.99,0.9,325,1.5542461391354643,True,0.6588862222222223,20,228.6,25,"(0.6, 0.4)",5,0.0,4,5,True,False
326,0.99,0.9,326,1.0,True,0.5558728888888889,21,211.2,25,"(0.6, 0.4)",5,0.0,4,5,True,False
327,0.99,0.9,327,2.1944535619341967,True,0.5212319999999999,20,223.20000000000002,25,"(0.6, 0.4)",5,0.0,4,5,True,False
328,0.99,0.9,328,1.0,True,0.4256897777777777,16,82.1,25,"(0.6, 0.4)",5,0.0,4,5,True,False
329,0.99,0.9,329,1.1008031888614558,True,0.4324702222222222,20,93.13333333333333,25,"(0.6, 0.4)",5,0.0,4,5,True,False
330,0.99,0.9099999999999999,330,2.994729085059757,True,0.7172275555555556,19,144.6,25,"(0.6, 0.4)",5,0.0,4,5,True,False
331,0.99,0.9099999999999999,331,1.0,True,0.6651102222222222,33,247.0,25,"(0.6, 0.4)",5,0.0,4,5,True,False
332,0.99,0.9099999999999999,332,1.823478729879182,True,0.61412,21,128.4,25,"(0.6, 0.4)",5,0.0,4,5,True,False
333,0.99,0.9099999999999999,333,1.0,True,0.704663111111111,21,110.0,25,"(0.6, 0.4)",5,0.0,4,5,True,False
334,0.99,0.9099999999999999,334,2.265316943829612,True,0.5224897777777777,17,119.7,25,"(0.6, 0.4)",5,0.0,4,5,True,False
335,0.99,0.9199999999999999,335,1.0,True,0.551056,26,224.73333333333332,25,"(0.6, 0.4)",5,0.0,4,5,True,False
336,0.99,0.9199999999999999,336,1.7302702868478823,True,0.5889937777777777,24,126.26666666666668,25,"(0.6, 0.4)",5,0.0,4,5,True,False
337,0.99,0.9199999999999999,337,2.096359584382173,True,0.6424568888888889,20,252.2,25,"(0.6, 0.4)",5,0.0,4,5,True,False
338,0.99,0.9199999999999999,338,1.4369785152456593,True,0.7539244444444444,26,145.0,25,"(0.6, 0.4)",5,0.0,4,5,True,False
339,0.99,0.9199999999999999,339,1.0,True,0.7275217777777778,24,140.9,25,"(0.6, 0.4)",5,0.0,4,5,True,False
340,0.99,0.9299999999999999,340,1.0,True,0.6711911111111111,22,130.2,25,"(0.6, 0.4)",5,0.0,4,5,True,False
341,0.99,0.9299999999999999,341,2.0715224886760986,True,0.6623342222222222,23,145.9,25,"(0.6, 0.4)",5,0.0,4,5,True,False
342,0.99,0.9299999999999999,342,1.0,True,0.5427191111111112,21,123.0,25,"(0.6, 0.4)",5,0.0,4,5,True,False
343,0.99,0.9299999999999999,343,1.1177933056017777,True,0.504,24,148.1,25,"(0.6, 0.4)",5,0.0,4,5,True,False
344,0.99,0.9299999999999999,344,2.278688258488756,True,0.6387128888888889,24,152.8,25,"(0.6, 0.4)",5,0.0,4,5,True,False
345,0.99,0.94,345,2.0522394865491003,True,0.494544,17,90.0,25,"(0.6, 0.4)",5,0.0,4,5,True,False
346,0.99,0.94,346,1.1631535337092562,True,0.6598764444444444,21,200.0,25,"(0.6, 0.4)",5,0.0,4,5,True,False
347,0.99,0.94,347,1.0,True,0.6796639999999999,33,236.06666666666666,25,"(0.6, 0.4)",5,0.0,4,5,True,False
348,0.99,0.94,348,1.5147652044416597,True,0.7544088888888889,22,237.2,25,"(0.6, 0.4)",5,0.0,4,5,True,False
349,0.99,0.94,349,1.295338261835518,True,0.599376,18,144.8,25,"(0.6, 0.4)",5,0.0,4,5,True,False
350,0.99,0.95,350,1.877217370164404,True,0.6752408888888889,30,252.6,25,"(0.6, 0.4)",5,0.0,4,5,True,False
351,0.99,0.95,351,1.5827497465974965,True,0.5819093333333334,23,100.6,25,"(0.6, 0.4)",5,0.0,4,5,True,False
352,0.99,0.95,352,1.8307981349655198,True,0.9346,19,309.2,25,"(0.6, 0.4)",5,0.0,4,5,True,False
353,0.99,0.95,353,1.3307309209257137,True,0.8555706666666666,46,164.60000000000002,25,"(0.6, 0.4)",5,0.0,4,5,True,False
354,0.99,0.95,354,1.2392059929742771,True,0.7451982222222222,27,165.0,25,"(0.6, 0.4)",5,0.0,4,5,True,False
355,0.99,0.96,355,1.5082516720783,True,0.5771075555555555,28,226.0,25,"(0.6, 0.4)",5,0.0,4,5,True,False
356,0.99,0.96,356,1.52467238306614,True,0.8979235555555556,31,315.4,25,"(0.6, 0.4)",5,0.0,4,5,True,False
357,0.99,0.96,357,2.7946359932961933,True,0.737872,21,246.39999999999998,25,"(0.6, 0.4)",5,0.0,4,5,True,False
358,0.99,0.96,358,3.2221477022077347,True,0.7095822222222222,29,267.0,25,"(0.6, 0.4)",5,0.0,4,5,True,False
359,0.99,0.96,359,1.9301988365386804,True,0.5673875555555555,21,126.24,25,"(0.6, 0.4)",5,0.0,4,5,True,False
360,0.99,0.97,360,1.0,True,0.679416,16,242.1,25,"(0.6, 0.4)",5,0.0,4,5,True,False
361,0.99,0.97,361,1.8469437747359732,True,0.6032222222222222,32,231.5,25,"(0.6, 0.4)",5,0.0,4,5,True,False
362,0.99,0.97,362,1.6791794772605342,True,0.6569982222222222,16,241.89999999999998,25,"(0.6, 0.4)",5,0.0,4,5,True,False
363,0.99,0.97,363,1.036241284559729,True,0.7340844444444444,23,157.1,25,"(0.6, 0.4)",5,0.0,4,5,True,False
364,0.99,0.97,364,2.1014048355800194,True,0.6604639999999999,40,235.8,25,"(0.6, 0.4)",5,0.0,4,5,True,False
365,0.99,0.98,365,1.7422498072558257,True,0.7245777777777778,30,140.76666666666665,25,"(0.6, 0.4)",5,0.0,4,5,True,False
366,0.99,0.98,366,1.7224440621389516,True,0.775376,18,262.06666666666666,25,"(0.6, 0.4)",5,0.0,4,5,True,False
367,0.99,0.98,367,1.4736004183158564,True,0.5860088888888888,23,159.8,25,"(0.6, 0.4)",5,0.0,4,5,True,False
368,0.99,0.98,368,2.3869728171658666,True,0.8897928888888889,26,274.6,25,"(0.6, 0.4)",5,0.0,4,5,True,False
369,0.99,0.98,369,2.316386897843252,True,0.8152684444444445,23,122.8,25,"(0.6, 0.4)",5,0.0,4,5,True,False
370,0.99,0.99,370,2.4512593645829686,True,0.6517342222222222,21,253.39999999999998,25,"(0.6, 0.4)",5,0.0,4,5,True,False
371,0.99,0.99,371,2.371535200442153,True,0.8748204444444444,44,160.0,25,"(0.6, 0.4)",5,0.0,4,5,True,False
372,0.99,0.99,372,1.0,True,0.729536,25,247.95999999999998,25,"(0.6, 0.4)",5,0.0,4,5,True,False
373,0.99,0.99,373,1.705129631199199,True,0.7213377777777777,24,142.3,25,"(0.6, 0.4)",5,0.0,4,5,True,False
374,0.99,0.99,374,1.6112244454571027,True,0.7965679999999999,22,247.29999999999998,25,"(0.6, 0.4)",5,0.0,4,5,True,False
375,1.0,0.85,375,2.034129443399972,True,0.5817102222222222,26,164.0,25,"(0.6, 0.4)",5,0.0,4,5,True,False
376,1.0,0.85,376,1.3446034132273437,True,0.4568151111111111,36,115.96666666666667,25,"(0.6, 0.4)",5,0.0,4,5,True,False
377,1.0,0.85,377,1.121080340206891,True,0.415752,17,110.03999999999999,25,"(0.6, 0.4)",5,0.0,4,5,True,False
378,1.0,0.85,378,1.2836957684202588,True,0.4531822222222222,22,116.7,25,"(0.6, 0.4)",5,0.0,4,5,True,False
379,1.0,0.85,379,1.0,True,0.275064,18,69.08571428571429,25,"(0.6, 0.4)",5,0.0,4,5,True,False
380,1.0,0.86,380,1.8579539096366746,True,0.43656,17,188.12,25,"(0.6, 0.4)",5,0.0,4,5,True,False
381,1.0,0.86,381,1.8328603699885,True,0.47593688888888885,38,200.7,25,"(0.6, 0.4)",5,0.0,4,5,True,False
382,1.0,0.86,382,1.0653599289502391,True,0.457128,28,212.5333333333333,25,"(0.6, 0.4)",5,0.0,4,5,True,False
383,1.0,0.86,383,1.5803789242594615,True,0.31773244444444443,28,106.33333333333333,25,"(0.6, 0.4)",5,0.0,4,5,True,False
384,1.0,0.86,384,1.0,True,0.49230577777777773,23,87.73333333333333,25,"(0.6, 0.4)",5,0.0,4,5,True,False
385,1.0,0.87,385,1.888219728328706,True,0.474408,31,216.0,25,"(0.6, 0.4)",5,0.0,4,5,True,False
386,1.0,0.87,386,1.562379812358603,True,0.36374133333333336,27,84.13333333333333,25,"(0.6, 0.4)",5,0.0,4,5,True,False
387,1.0,0.87,387,1.3568260576105116,True,0.43358399999999997,31,111.7,25,"(0.6, 0.4)",5,0.0,4,5,True,False
388,1.0,0.87,388,1.0363918212091037,True,0.331144,31,115.43333333333334,25,"(0.6, 0.4)",5,0.0,4,5,True,False
389,1.0,0.87,389,2.042591734098781,True,0.43997866666666663,23,61.19,25,"(0.6, 0.4)",5,0.0,4,5,True,False
390,1.0,0.88,390,1.0,True,0.557032,19,192.66666666666666,25,"(0.6, 0.4)",5,0.0,4,5,True,False
391,1.0,0.88,391,1.8642742341158733,True,0.44829155555555555,31,71.8,25,"(0.6, 0.4)",5,0.0,4,5,True,False
392,1.0,0.88,392,2.519383295656917,True,0.3905102222222222,21,63.26666666666667,25,"(0.6, 0.4)",5,0.0,4,5,True,False
393,1.0,0.88,393,1.0,True,0.3772951111111111,22,119.73333333333332,25,"(0.6, 0.4)",5,0.0,4,5,True,False
394,1.0,0.88,394,2.0573052613268006,True,0.6329359999999999,35,225.46666666666667,25,"(0.6, 0.4)",5,0.0,4,5,True,False
395,1.0,0.89,395,1.425075020862757,True,0.600824,30,232.10000000000002,25,"(0.6, 0.4)",5,0.0,4,5,True,False
396,1.0,0.89,396,1.0924830490737467,True,0.6600968888888888,26,231.20000000000002,25,"(0.6, 0.4)",5,0.0,4,5,True,False
397,1.0,0.89,397,3.0834304425618173,True,0.5043946666666667,29,104.6,25,"(0.6, 0.4)",5,0.0,4,5,True,False
398,1.0,0.89,398,1.9513036791499783,True,0.5058648888888889,30,229.6,25,"(0.6, 0.4)",5,0.0,4,5,True,False
399,1.0,0.89,399,1.6043024464020452,True,0.4399173333333333,19,79.36,25,"(0.6, 0.4)",5,0.0,4,5,True,False
400,1.0,0.9,400,2.3592612763747667,True,0.6637973333333334,21,109.4,25,"(0.6, 0.4)",5,0.0,4,5,True,False
401,1.0,0.9,401,2.0286592274998543,True,0.4090853333333333,20,106.0,25,"(0.6, 0.4)",5,0.0,4,5,True,False
402,1.0,0.9,402,2.3413514464222738,True,0.49938933333333335,26,103.4,25,"(0.6, 0.4)",5,0.0,4,5,True,False
403,1.0,0.9,403,2.4086319495776003,True,0.3567262222222222,25,137.3,25,"(0.6, 0.4)",5,0.0,4,5,True,False
404,1.0,0.9,404,1.0868845341796887,True,0.5723608888888888,31,218.2,25,"(0.6, 0.4)",5,0.0,4,5,True,False
405,1.0,0.9099999999999999,405,1.2507661719493468,True,0.531784,20,220.1,25,"(0.6, 0.4)",5,0.0,4,5,True,False
406,1.0,0.9099999999999999,406,1.946750784356976,True,0.5891946666666666,25,92.4,25,"(0.6, 0.4)",5,0.0,4,5,True,False
407,1.0,0.9099999999999999,407,1.126811159961808,True,0.5841662222222221,24,216.29999999999998,25,"(0.6, 0.4)",5,0.0,4,5,True,False
408,1.0,0.9099999999999999,408,1.0,True,0.5144871111111111,30,132.26666666666668,25,"(0.6, 0.4)",5,0.0,4,5,True,False
409,1.0,0.9099999999999999,409,1.0843944481208407,True,0.5451182222222222,21,236.4,25,"(0.6, 0.4)",5,0.0,4,5,True,False
410,1.0,0.9199999999999999,410,1.1357546944983372,True,0.7170248888888888,27,148.7,25,"(0.6, 0.4)",5,0.0,4,5,True,False
411,1.0,0.9199999999999999,411,1.0,True,0.7327297777777777,24,147.6,25,"(0.6, 0.4)",5,0.0,4,5,True,False
412,1.0,0.9199999999999999,412,1.8009215847456161,True,0.6842933333333333,21,110.6,25,"(0.6, 0.4)",5,0.0,4,5,True,False
413,1.0,0.9199999999999999,413,1.0,True,0.6791022222222223,29,243.0,25,"(0.6, 0.4)",5,0.0,4,5,True,False
414,1.0,0.9199999999999999,414,1.7219606090345119,True,0.6152755555555556,31,242.8,25,"(0.6, 0.4)",5,0.0,4,5,True,False
415,1.0,0.9299999999999999,415,1.5903412875870813,True,0.6122257777777778,32,135.36666666666667,25,"(0.6, 0.4)",5,0.0,4,5,True,False
416,1.0,0.9299999999999999,416,1.5330179048704087,True,0.61188,24,244.2,25,"(0.6, 0.4)",5,0.0,4,5,True,False
417,1.0,0.9299999999999999,417,2.3884364941650134,True,0.7071057777777777,27,115.0,25,"(0.6, 0.4)",5,0.0,4,5,True,False
418,1.0,0.9299999999999999,418,1.5779894894458437,True,0.5806062222222222,22,234.66666666666669,25,"(0.6, 0.4)",5,0.0,4,5,True,False
419,1.0,0.9299999999999999,419,1.5256998237795516,True,0.5780062222222222,24,233.7,25,"(0.6, 0.4)",5,0.0,4,5,True,False
420,1.0,0.94,420,1.5127130676802247,True,0.5364595555555556,31,134.56666666666666,25,"(0.6, 0.4)",5,0.0,4,5,True,False
421,1.0,0.94,421,1.0,True,0.5382560000000001,22,224.07999999999998,25,"(0.6, 0.4)",5,0.0,4,5,True,False
422,1.0,0.94,422,1.4169865785206854,True,0.6417715555555555,23,152.0,25,"(0.6, 0.4)",5,0.0,4,5,True,False
423,1.0,0.94,423,1.0,True,0.64384,31,252.39999999999998,25,"(0.6, 0.4)",5,0.0,4,5,True,False
424,1.0,0.94,424,2.234267196857465,True,0.631728,22,238.46666666666667,25,"(0.6, 0.4)",5,0.0,4,5,True,False
425,1.0,0.95,425,1.1430200139771332,True,0.7276773333333333,26,102.86666666666667,25,"(0.6, 0.4)",5,0.0,4,5,True,False
426,1.0,0.95,426,1.3747109806794569,True,0.5992951111111111,26,95.7,25,"(0.6, 0.4)",5,0.0,4,5,True,False
427,1.0,0.95,427,1.3418828854141482,True,0.5804382222222222,23,228.68,25,"(0.6, 0.4)",5,0.0,4,5,True,False
428,1.0,0.95,428,1.4698367405576445,True,0.6673928888888889,16,137.7,25,"(0.6, 0.4)",5,0.0,4,5,True,False
429,1.0,0.95,429,1.6256625349045506,True,0.7492497777777778,23,129.0,25,"(0.6, 0.4)",5,0.0,4,5,True,False
430,1.0,0.96,430,2.9710642902552626,True,0.8450462222222221,40,266.8,25,"(0.6, 0.4)",5,0.0,4,5,True,False
431,1.0,0.96,431,2.291663474557543,True,0.7798115555555556,26,203.10000000000002,25,"(0.6, 0.4)",5,0.0,4,5,True,False
432,1.0,0.96,432,2.4509194007863115,True,0.7313102222222222,30,204.7,25,"(0.6, 0.4)",5,0.0,4,5,True,False
433,1.0,0.96,433,1.0,True,0.8102728888888888,19,246.70000000000002,25,"(0.6, 0.4)",5,0.0,4,5,True,False
434,1.0,0.96,434,2.6597279293502054,True,0.7978995555555555,26,262.0,25,"(0.6, 0.4)",5,0.0,4,5,True,False
435,1.0,0.97,435,1.0,True,0.6519075555555556,22,245.6,25,"(0.6, 0.4)",5,0.0,4,5,True,False
436,1.0,0.97,436,1.5899058410013645,True,0.8024044444444445,20,154.39999999999998,25,"(0.6, 0.4)",5,0.0,4,5,True,False
437,1.0,0.97,437,1.8504910586741372,True,0.8314924444444445,23,155.39999999999998,25,"(0.6, 0.4)",5,0.0,4,5,True,False
438,1.0,0.97,438,3.41260195832954,True,0.8549191111111112,29,204.7,25,"(0.6, 0.4)",5,0.0,4,5,True,False
439,1.0,0.97,439,1.8171178909836088,True,0.6733475555555556,27,245.26666666666668,25,"(0.6, 0.4)",5,0.0,4,5,True,False
440,1.0,0.98,440,2.1064205721669627,True,0.6601360000000001,34,250.29999999999998,25,"(0.6, 0.4)",5,0.0,4,5,True,False
441,1.0,0.98,441,2.7155717033608475,True,0.6748328888888889,33,239.9,25,"(0.6, 0.4)",5,0.0,4,5,True,False
442,1.0,0.98,442,1.267945846983609,True,0.6887191111111111,22,157.5,25,"(0.6, 0.4)",5,0.0,4,5,True,False
443,1.0,0.98,443,1.2253331114794273,True,0.6355208888888889,25,144.03333333333333,25,"(0.6, 0.4)",5,0.0,4,5,True,False
444,1.0,0.98,444,1.23156186666168,True,0.6933022222222222,15,153.85000000000002,25,"(0.6, 0.4)",5,0.0,4,5,True,False
445,1.0,0.99,445,2.142693419723967,True,0.7252879999999999,18,254.89999999999998,25,"(0.6, 0.4)",5,0.0,4,5,True,False
446,1.0,0.99,446,3.245378431414102,True,0.6880977777777777,37,145.1,25,"(0.6, 0.4)",5,0.0,4,5,True,False
447,1.0,0.99,447,1.4662250705458892,True,0.72244,22,248.26666666666668,25,"(0.6, 0.4)",5,0.0,4,5,True,False
448,1.0,0.99,448,2.165623676493172,True,0.6731528888888889,21,158.5,25,"(0.6, 0.4)",5,0.0,4,5,True,False
449,1.0,0.99,449,2.880418342664087,True,0.8351679999999999,24,210.4,25,"(0.6, 0.4)",5,0.0,4,5,True,False
