,density,size,Run,boolean_percolation,cluster_coefficient,stopping_step,pop_weights,fixed_areas_pc,cluster_threshold,alpha,homophily,stopping_threshold
0,0.88,65,0,True,0.35896130698816175,17,"(0.6, 0.4)",0.0,4,0.8,6,5
1,0.88,65,1,True,0.42894961661006265,21,"(0.6, 0.4)",0.0,4,0.8,6,5
2,0.88,65,2,True,0.367530217974005,18,"(0.6, 0.4)",0.0,4,0.8,6,5
3,0.88,65,3,False,0.14937581939630187,17,"(0.6, 0.4)",0.0,4,0.8,6,5
4,0.88,65,4,True,0.4256184034950534,19,"(0.6, 0.4)",0.0,4,0.8,6,5
5,0.88,65,5,True,0.47650123128275157,21,"(0.6, 0.4)",0.0,4,0.8,6,5
6,0.88,65,6,True,0.4588709156619944,18,"(0.6, 0.4)",0.0,4,0.8,6,5
7,0.88,65,7,True,0.5100843418959031,15,"(0.6, 0.4)",0.0,4,0.8,6,5
8,0.88,65,8,True,0.29780954214955124,22,"(0.6, 0.4)",0.0,4,0.8,6,5
9,0.88,65,9,True,0.2971201405179557,18,"(0.6, 0.4)",0.0,4,0.8,6,5
10,0.88,65,10,True,0.46305597376375707,17,"(0.6, 0.4)",0.0,4,0.8,6,5
11,0.88,65,11,True,0.47601906640368175,19,"(0.6, 0.4)",0.0,4,0.8,6,5
12,0.88,65,12,True,0.5501305393135161,20,"(0.6, 0.4)",0.0,4,0.8,6,5
13,0.88,65,13,True,0.3765949099198985,23,"(0.6, 0.4)",0.0,4,0.8,6,5
14,0.88,65,14,True,0.26550276406443907,14,"(0.6, 0.4)",0.0,4,0.8,6,5
15,0.88,65,15,True,0.3040326552525005,15,"(0.6, 0.4)",0.0,4,0.8,6,5
16,0.88,65,16,True,0.17774914510462986,21,"(0.6, 0.4)",0.0,4,0.8,6,5
17,0.88,65,17,True,0.501754646001346,20,"(0.6, 0.4)",0.0,4,0.8,6,5
18,0.88,65,18,True,0.4793459029212329,19,"(0.6, 0.4)",0.0,4,0.8,6,5
19,0.88,65,19,True,0.40791607825745285,23,"(0.6, 0.4)",0.0,4,0.8,6,5
20,0.88,70,20,True,0.39150680850571523,21,"(0.6, 0.4)",0.0,4,0.8,6,5
21,0.88,70,21,True,0.4286676269147115,19,"(0.6, 0.4)",0.0,4,0.8,6,5
22,0.88,70,22,True,0.4603693918043408,20,"(0.6, 0.4)",0.0,4,0.8,6,5
23,0.88,70,23,True,0.42408553727613496,21,"(0.6, 0.4)",0.0,4,0.8,6,5
24,0.88,70,24,True,0.3820450680272109,21,"(0.6, 0.4)",0.0,4,0.8,6,5
25,0.88,70,25,True,0.4848976554907678,27,"(0.6, 0.4)",0.0,4,0.8,6,5
26,0.88,70,26,True,0.302476977185432,19,"(0.6, 0.4)",0.0,4,0.8,6,5
27,0.88,70,27,True,0.5064886881623398,16,"(0.6, 0.4)",0.0,4,0.8,6,5
28,0.88,70,28,True,0.33107725658290527,17,"(0.6, 0.4)",0.0,4,0.8,6,5
29,0.88,70,29,True,0.4034209270442871,22,"(0.6, 0.4)",0.0,4,0.8,6,5
30,0.88,70,30,True,0.20034833576287658,27,"(0.6, 0.4)",0.0,4,0.8,6,5
31,0.88,70,31,True,0.3625559228793559,19,"(0.6, 0.4)",0.0,4,0.8,6,5
32,0.88,70,32,True,0.47119189342403633,22,"(0.6, 0.4)",0.0,4,0.8,6,5
33,0.88,70,33,True,0.2824754008746356,16,"(0.6, 0.4)",0.0,4,0.8,6,5
34,0.88,70,34,True,0.4107883144754501,20,"(0.6, 0.4)",0.0,4,0.8,6,5
35,0.88,70,35,True,0.202431654634643,17,"(0.6, 0.4)",0.0,4,0.8,6,5
36,0.88,70,36,False,0.23533676650932484,26,"(0.6, 0.4)",0.0,4,0.8,6,5
37,0.88,70,37,True,0.3306938804433338,22,"(0.6, 0.4)",0.0,4,0.8,6,5
38,0.88,70,38,True,0.21105135591651628,15,"(0.6, 0.4)",0.0,4,0.8,6,5
39,0.88,70,39,True,0.45038905953537883,16,"(0.6, 0.4)",0.0,4,0.8,6,5
40,0.88,75,40,True,0.2636826666666667,16,"(0.6, 0.4)",0.0,4,0.8,6,5
41,0.88,75,41,True,0.4610114458161866,16,"(0.6, 0.4)",0.0,4,0.8,6,5
42,0.88,75,42,True,0.4541337942386831,26,"(0.6, 0.4)",0.0,4,0.8,6,5
43,0.88,75,43,True,0.4478305953360769,19,"(0.6, 0.4)",0.0,4,0.8,6,5
44,0.88,75,44,True,0.2234166364883402,24,"(0.6, 0.4)",0.0,4,0.8,6,5
45,0.88,75,45,True,0.35630203566529495,22,"(0.6, 0.4)",0.0,4,0.8,6,5
46,0.88,75,46,True,0.4181208010973937,23,"(0.6, 0.4)",0.0,4,0.8,6,5
47,0.88,75,47,True,0.3865059423868313,26,"(0.6, 0.4)",0.0,4,0.8,6,5
48,0.88,75,48,True,0.3644166803840878,20,"(0.6, 0.4)",0.0,4,0.8,6,5
49,0.88,75,49,True,0.4570013388203018,16,"(0.6, 0.4)",0.0,4,0.8,6,5
50,0.88,75,50,True,0.4398037640603567,16,"(0.6, 0.4)",0.0,4,0.8,6,5
51,0.88,75,51,True,0.3762483621399177,28,"(0.6, 0.4)",0.0,4,0.8,6,5
52,0.88,75,52,True,0.49776643072702337,20,"(0.6, 0.4)",0.0,4,0.8,6,5
53,0.88,75,53,True,0.529212170096022,20,"(0.6, 0.4)",0.0,4,0.8,6,5
54,0.88,75,54,True,0.3141039780521262,20,"(0.6, 0.4)",0.0,4,0.8,6,5
55,0.88,75,55,True,0.281597925925926,17,"(0.6, 0.4)",0.0,4,0.8,6,5
56,0.88,75,56,True,0.43529514403292185,21,"(0.6, 0.4)",0.0,4,0.8,6,5
57,0.88,75,57,True,0.414525157750343,22,"(0.6, 0.4)",0.0,4,0.8,6,5
58,0.88,75,58,True,0.4520172729766804,20,"(0.6, 0.4)",0.0,4,0.8,6,5
59,0.88,75,59,True,0.4606637146776406,18,"(0.6, 0.4)",0.0,4,0.8,6,5
60,0.88,80,60,True,0.40349678887261287,25,"(0.6, 0.4)",0.0,4,0.8,6,5
61,0.88,80,61,True,0.30940593295627167,22,"(0.6, 0.4)",0.0,4,0.8,6,5
62,0.88,80,62,True,0.35984752231174044,22,"(0.6, 0.4)",0.0,4,0.8,6,5
63,0.88,80,63,True,0.4072240024142795,17,"(0.6, 0.4)",0.0,4,0.8,6,5
64,0.88,80,64,True,0.21664529588487413,27,"(0.6, 0.4)",0.0,4,0.8,6,5
65,0.88,80,65,True,0.3938935767279731,17,"(0.6, 0.4)",0.0,4,0.8,6,5
66,0.88,80,66,True,0.4273642052544488,26,"(0.6, 0.4)",0.0,4,0.8,6,5
67,0.88,80,67,True,0.5236784871419271,17,"(0.6, 0.4)",0.0,4,0.8,6,5
68,0.88,80,68,True,0.49798578050401476,16,"(0.6, 0.4)",0.0,4,0.8,6,5
69,0.88,80,69,True,0.4244662645128038,14,"(0.6, 0.4)",0.0,4,0.8,6,5
70,0.88,80,70,True,0.42920744154188367,24,"(0.6, 0.4)",0.0,4,0.8,6,5
71,0.88,80,71,True,0.5034942033555773,15,"(0.6, 0.4)",0.0,4,0.8,6,5
72,0.88,80,72,True,0.418738530476888,30,"(0.6, 0.4)",0.0,4,0.8,6,5
73,0.88,80,73,True,0.38574612087673615,22,"(0.6, 0.4)",0.0,4,0.8,6,5
74,0.88,80,74,True,0.5241218736436632,18,"(0.6, 0.4)",0.0,4,0.8,6,5
75,0.88,80,75,True,0.38192326015896266,25,"(0.6, 0.4)",0.0,4,0.8,6,5
76,0.88,80,76,True,0.49761896769205727,21,"(0.6, 0.4)",0.0,4,0.8,6,5
77,0.88,80,77,True,0.42543935139973954,20,"(0.6, 0.4)",0.0,4,0.8,6,5
78,0.88,80,78,True,0.44694925944010416,22,"(0.6, 0.4)",0.0,4,0.8,6,5
79,0.88,80,79,True,0.34672907511393225,20,"(0.6, 0.4)",0.0,4,0.8,6,5
80,0.88,85,80,True,0.21870959266398737,24,"(0.6, 0.4)",0.0,4,0.8,6,5
81,0.88,85,81,True,0.4700245380735916,17,"(0.6, 0.4)",0.0,4,0.8,6,5
82,0.88,85,82,True,0.45583487319888943,23,"(0.6, 0.4)",0.0,4,0.8,6,5
83,0.88,85,83,True,0.4387469551902449,23,"(0.6, 0.4)",0.0,4,0.8,6,5
84,0.88,85,84,True,0.35788296090537447,19,"(0.6, 0.4)",0.0,4,0.8,6,5
85,0.88,85,85,True,0.20675031828322618,26,"(0.6, 0.4)",0.0,4,0.8,6,5
86,0.88,85,86,True,0.482969678949672,19,"(0.6, 0.4)",0.0,4,0.8,6,5
87,0.88,85,87,True,0.5316826240639414,16,"(0.6, 0.4)",0.0,4,0.8,6,5
88,0.88,85,88,True,0.4280338677298723,23,"(0.6, 0.4)",0.0,4,0.8,6,5
89,0.88,85,89,True,0.22321701528158588,21,"(0.6, 0.4)",0.0,4,0.8,6,5
90,0.88,85,90,True,0.4010906039598824,18,"(0.6, 0.4)",0.0,4,0.8,6,5
91,0.88,85,91,True,0.49014806655412013,18,"(0.6, 0.4)",0.0,4,0.8,6,5
92,0.88,85,92,True,0.42440781360376434,24,"(0.6, 0.4)",0.0,4,0.8,6,5
93,0.88,85,93,True,0.3268186909745919,20,"(0.6, 0.4)",0.0,4,0.8,6,5
94,0.88,85,94,True,0.4718802057765911,18,"(0.6, 0.4)",0.0,4,0.8,6,5
95,0.88,85,95,True,0.28464981528265015,25,"(0.6, 0.4)",0.0,4,0.8,6,5
96,0.88,85,96,True,0.2678082158977982,23,"(0.6, 0.4)",0.0,4,0.8,6,5
97,0.88,85,97,True,0.4261936319408692,25,"(0.6, 0.4)",0.0,4,0.8,6,5
98,0.88,85,98,True,0.281828076505044,21,"(0.6, 0.4)",0.0,4,0.8,6,5
99,0.88,85,99,True,0.49698091897047847,24,"(0.6, 0.4)",0.0,4,0.8,6,5
100,0.88,90,100,True,0.1995824601178682,25,"(0.6, 0.4)",0.0,4,0.8,6,5
101,0.88,90,101,True,0.4657247317905468,30,"(0.6, 0.4)",0.0,4,0.8,6,5
102,0.88,90,102,True,0.25978263814797875,27,"(0.6, 0.4)",0.0,4,0.8,6,5
103,0.88,90,103,True,0.27056416069704825,21,"(0.6, 0.4)",0.0,4,0.8,6,5
104,0.88,90,104,True,0.46232020228962384,26,"(0.6, 0.4)",0.0,4,0.8,6,5
105,0.88,90,105,True,0.4620211551000017,16,"(0.6, 0.4)",0.0,4,0.8,6,5
106,0.88,90,106,True,0.36674408647902584,21,"(0.6, 0.4)",0.0,4,0.8,6,5
107,0.88,90,107,True,0.45381351187149654,26,"(0.6, 0.4)",0.0,4,0.8,6,5
108,0.88,90,108,True,0.45443235702552115,17,"(0.6, 0.4)",0.0,4,0.8,6,5
109,0.88,90,109,True,0.3131430676218056,21,"(0.6, 0.4)",0.0,4,0.8,6,5
110,0.88,90,110,True,0.4551475681213907,29,"(0.6, 0.4)",0.0,4,0.8,6,5
111,0.88,90,111,True,0.5081010156818913,27,"(0.6, 0.4)",0.0,4,0.8,6,5
112,0.88,90,112,True,0.4297808335026842,21,"(0.6, 0.4)",0.0,4,0.8,6,5
113,0.88,90,113,True,0.4567119098121899,26,"(0.6, 0.4)",0.0,4,0.8,6,5
114,0.88,90,114,True,0.16478809971379701,26,"(0.6, 0.4)",0.0,4,0.8,6,5
115,0.88,90,115,True,0.3739202082169046,24,"(0.6, 0.4)",0.0,4,0.8,6,5
116,0.88,90,116,True,0.32253267942725533,24,"(0.6, 0.4)",0.0,4,0.8,6,5
117,0.88,90,117,True,0.40351480867584544,26,"(0.6, 0.4)",0.0,4,0.8,6,5
118,0.88,90,118,True,0.4106388232654236,22,"(0.6, 0.4)",0.0,4,0.8,6,5
119,0.88,90,119,True,0.2643772015614151,21,"(0.6, 0.4)",0.0,4,0.8,6,5
120,0.88,95,120,True,0.39622740941384904,25,"(0.6, 0.4)",0.0,4,0.8,6,5
121,0.88,95,121,True,0.49333440334081063,34,"(0.6, 0.4)",0.0,4,0.8,6,5
122,0.88,95,122,True,0.3087752123176192,17,"(0.6, 0.4)",0.0,4,0.8,6,5
123,0.88,95,123,True,0.37064433633532246,25,"(0.6, 0.4)",0.0,4,0.8,6,5
124,0.88,95,124,True,0.40582357750818704,21,"(0.6, 0.4)",0.0,4,0.8,6,5
125,0.88,95,125,True,0.4334411440468791,17,"(0.6, 0.4)",0.0,4,0.8,6,5
126,0.88,95,126,True,0.3295282631178228,21,"(0.6, 0.4)",0.0,4,0.8,6,5
127,0.88,95,127,True,0.4727224272714639,28,"(0.6, 0.4)",0.0,4,0.8,6,5
128,0.88,95,128,True,0.34117893935402244,22,"(0.6, 0.4)",0.0,4,0.8,6,5
129,0.88,95,129,True,0.26279686739324865,26,"(0.6, 0.4)",0.0,4,0.8,6,5
130,0.88,95,130,True,0.47885446960454064,24,"(0.6, 0.4)",0.0,4,0.8,6,5
131,0.88,95,131,True,0.41236163012868227,23,"(0.6, 0.4)",0.0,4,0.8,6,5
132,0.88,95,132,True,0.4249764001538083,23,"(0.6, 0.4)",0.0,4,0.8,6,5
133,0.88,95,133,True,0.4701686903023219,22,"(0.6, 0.4)",0.0,4,0.8,6,5
134,0.88,95,134,True,0.3761197223266652,22,"(0.6, 0.4)",0.0,4,0.8,6,5
135,0.88,95,135,True,0.2883320118101542,23,"(0.6, 0.4)",0.0,4,0.8,6,5
136,0.88,95,136,True,0.3624546866753802,21,"(0.6, 0.4)",0.0,4,0.8,6,5
137,0.88,95,137,True,0.3844395633346378,21,"(0.6, 0.4)",0.0,4,0.8,6,5
138,0.88,95,138,True,0.45777769251821787,20,"(0.6, 0.4)",0.0,4,0.8,6,5
139,0.88,95,139,True,0.46035553662793327,18,"(0.6, 0.4)",0.0,4,0.8,6,5
140,0.88,100,140,True,0.38941881944444445,22,"(0.6, 0.4)",0.0,4,0.8,6,5
141,0.88,100,141,True,0.5095763506944444,28,"(0.6, 0.4)",0.0,4,0.8,6,5
142,0.88,100,142,True,0.4029008854166667,24,"(0.6, 0.4)",0.0,4,0.8,6,5
143,0.88,100,143,True,0.5125328923611111,21,"(0.6, 0.4)",0.0,4,0.8,6,5
144,0.88,100,144,True,0.42577608333333333,21,"(0.6, 0.4)",0.0,4,0.8,6,5
145,0.88,100,145,True,0.25465294791666665,23,"(0.6, 0.4)",0.0,4,0.8,6,5
146,0.88,100,146,True,0.49775721875,21,"(0.6, 0.4)",0.0,4,0.8,6,5
147,0.88,100,147,True,0.4622312534722222,26,"(0.6, 0.4)",0.0,4,0.8,6,5
148,0.88,100,148,True,0.4561540833333333,22,"(0.6, 0.4)",0.0,4,0.8,6,5
149,0.88,100,149,True,0.40472213888888886,26,"(0.6, 0.4)",0.0,4,0.8,6,5
150,0.88,100,150,True,0.43249359722222225,18,"(0.6, 0.4)",0.0,4,0.8,6,5
151,0.88,100,151,True,0.4509000659722222,26,"(0.6, 0.4)",0.0,4,0.8,6,5
152,0.88,100,152,True,0.4486949652777778,21,"(0.6, 0.4)",0.0,4,0.8,6,5
153,0.88,100,153,True,0.42378930555555555,23,"(0.6, 0.4)",0.0,4,0.8,6,5
154,0.88,100,154,True,0.3831687881944444,25,"(0.6, 0.4)",0.0,4,0.8,6,5
155,0.88,100,155,True,0.39478549305555555,21,"(0.6, 0.4)",0.0,4,0.8,6,5
156,0.88,100,156,True,0.20864508680555555,21,"(0.6, 0.4)",0.0,4,0.8,6,5
157,0.88,100,157,True,0.20020078472222222,25,"(0.6, 0.4)",0.0,4,0.8,6,5
158,0.88,100,158,True,0.4898496493055556,20,"(0.6, 0.4)",0.0,4,0.8,6,5
159,0.88,100,159,True,0.45606847916666665,21,"(0.6, 0.4)",0.0,4,0.8,6,5
160,0.89,65,160,True,0.2928435239973702,22,"(0.6, 0.4)",0.0,4,0.8,6,5
161,0.89,65,161,True,0.44383658368637885,26,"(0.6, 0.4)",0.0,4,0.8,6,5
162,0.89,65,162,True,0.4478087446362366,17,"(0.6, 0.4)",0.0,4,0.8,6,5
163,0.89,65,163,True,0.4326617493162782,19,"(0.6, 0.4)",0.0,4,0.8,6,5
164,0.89,65,164,True,0.3091674544542091,24,"(0.6, 0.4)",0.0,4,0.8,6,5
165,0.89,65,165,True,0.5089283366206443,25,"(0.6, 0.4)",0.0,4,0.8,6,5
166,0.89,65,166,True,0.3494938124637715,18,"(0.6, 0.4)",0.0,4,0.8,6,5
167,0.89,65,167,True,0.28392316250987165,19,"(0.6, 0.4)",0.0,4,0.8,6,5
168,0.89,65,168,True,0.38983435064909805,24,"(0.6, 0.4)",0.0,4,0.8,6,5
169,0.89,65,169,True,0.5242977408976498,20,"(0.6, 0.4)",0.0,4,0.8,6,5
170,0.89,65,170,True,0.4250425210757482,25,"(0.6, 0.4)",0.0,4,0.8,6,5
171,0.89,65,171,True,0.36668306431847625,16,"(0.6, 0.4)",0.0,4,0.8,6,5
172,0.89,65,172,True,0.28915496656279543,20,"(0.6, 0.4)",0.0,4,0.8,6,5
173,0.89,65,173,True,0.3476701912864862,27,"(0.6, 0.4)",0.0,4,0.8,6,5
174,0.89,65,174,True,0.2535836941594793,17,"(0.6, 0.4)",0.0,4,0.8,6,5
175,0.89,65,175,True,0.38704383210983123,28,"(0.6, 0.4)",0.0,4,0.8,6,5
176,0.89,65,176,True,0.13212543133799393,19,"(0.6, 0.4)",0.0,4,0.8,6,5
177,0.89,65,177,True,0.4520927916467288,23,"(0.6, 0.4)",0.0,4,0.8,6,5
178,0.89,65,178,True,0.5081772930452949,23,"(0.6, 0.4)",0.0,4,0.8,6,5
179,0.89,65,179,True,0.40641924302370364,20,"(0.6, 0.4)",0.0,4,0.8,6,5
180,0.89,70,180,True,0.4540979019158684,20,"(0.6, 0.4)",0.0,4,0.8,6,5
181,0.89,70,181,True,0.4633263917812023,23,"(0.6, 0.4)",0.0,4,0.8,6,5
182,0.89,70,182,True,0.4682662027395993,28,"(0.6, 0.4)",0.0,4,0.8,6,5
183,0.89,70,183,True,0.27503942223147765,20,"(0.6, 0.4)",0.0,4,0.8,6,5
184,0.89,70,184,True,0.4113159881299459,21,"(0.6, 0.4)",0.0,4,0.8,6,5
185,0.89,70,185,True,0.49162681058818086,16,"(0.6, 0.4)",0.0,4,0.8,6,5
186,0.89,70,186,True,0.3753728770419733,19,"(0.6, 0.4)",0.0,4,0.8,6,5
187,0.89,70,187,True,0.32209812751631267,16,"(0.6, 0.4)",0.0,4,0.8,6,5
188,0.89,70,188,True,0.41333891549817203,18,"(0.6, 0.4)",0.0,4,0.8,6,5
189,0.89,70,189,True,0.4333141428340044,23,"(0.6, 0.4)",0.0,4,0.8,6,5
190,0.89,70,190,True,0.4503850102966357,24,"(0.6, 0.4)",0.0,4,0.8,6,5
191,0.89,70,191,True,0.3687893643852099,26,"(0.6, 0.4)",0.0,4,0.8,6,5
192,0.89,70,192,True,0.4346939498588552,14,"(0.6, 0.4)",0.0,4,0.8,6,5
193,0.89,70,193,True,0.4366679537461243,21,"(0.6, 0.4)",0.0,4,0.8,6,5
194,0.89,70,194,True,0.3861966657411264,19,"(0.6, 0.4)",0.0,4,0.8,6,5
195,0.89,70,195,True,0.3828381837428849,20,"(0.6, 0.4)",0.0,4,0.8,6,5
196,0.89,70,196,True,0.3331955579850988,22,"(0.6, 0.4)",0.0,4,0.8,6,5
197,0.89,70,197,True,0.4324091379749179,20,"(0.6, 0.4)",0.0,4,0.8,6,5
198,0.89,70,198,True,0.294523693831274,26,"(0.6, 0.4)",0.0,4,0.8,6,5
199,0.89,70,199,True,0.4563774787125735,26,"(0.6, 0.4)",0.0,4,0.8,6,5
200,0.89,75,200,True,0.4856276433470508,25,"(0.6, 0.4)",0.0,4,0.8,6,5
201,0.89,75,201,True,0.5246980082304527,19,"(0.6, 0.4)",0.0,4,0.8,6,5
202,0.89,75,202,True,0.5077375582990398,31,"(0.6, 0.4)",0.0,4,0.8,6,5
203,0.89,75,203,True,0.5333305569272977,20,"(0.6, 0.4)",0.0,4,0.8,6,5
204,0.89,75,204,True,0.4639406310013718,26,"(0.6, 0.4)",0.0,4,0.8,6,5
205,0.89,75,205,True,0.4980525980795611,25,"(0.6, 0.4)",0.0,4,0.8,6,5
206,0.89,75,206,True,0.21777152263374489,23,"(0.6, 0.4)",0.0,4,0.8,6,5
207,0.89,75,207,True,0.29889096296296297,27,"(0.6, 0.4)",0.0,4,0.8,6,5
208,0.89,75,208,True,0.40028713305898495,25,"(0.6, 0.4)",0.0,4,0.8,6,5
209,0.89,75,209,True,0.4536799231824417,30,"(0.6, 0.4)",0.0,4,0.8,6,5
210,0.89,75,210,True,0.4271316652949246,20,"(0.6, 0.4)",0.0,4,0.8,6,5
211,0.89,75,211,True,0.4390915884773663,17,"(0.6, 0.4)",0.0,4,0.8,6,5
212,0.89,75,212,True,0.4703466995884774,22,"(0.6, 0.4)",0.0,4,0.8,6,5
213,0.89,75,213,True,0.3989622496570645,22,"(0.6, 0.4)",0.0,4,0.8,6,5
214,0.89,75,214,True,0.3031591989026063,23,"(0.6, 0.4)",0.0,4,0.8,6,5
215,0.89,75,215,True,0.4603795336076818,26,"(0.6, 0.4)",0.0,4,0.8,6,5
216,0.89,75,216,True,0.2186654814814815,17,"(0.6, 0.4)",0.0,4,0.8,6,5
217,0.89,75,217,True,0.3729523621399177,16,"(0.6, 0.4)",0.0,4,0.8,6,5
218,0.89,75,218,True,0.47724794513031554,22,"(0.6, 0.4)",0.0,4,0.8,6,5
219,0.89,75,219,False,0.18247837585733884,20,"(0.6, 0.4)",0.0,4,0.8,6,5
220,0.89,80,220,True,0.377823978000217,21,"(0.6, 0.4)",0.0,4,0.8,6,5
221,0.89,80,221,True,0.4462487623426649,24,"(0.6, 0.4)",0.0,4,0.8,6,5
222,0.89,80,222,True,0.35856992933485243,23,"(0.6, 0.4)",0.0,4,0.8,6,5
223,0.89,80,223,True,0.37925955030653213,21,"(0.6, 0.4)",0.0,4,0.8,6,5
224,0.89,80,224,True,0.34753643459743927,19,"(0.6, 0.4)",0.0,4,0.8,6,5
225,0.89,80,225,True,0.396633538140191,19,"(0.6, 0.4)",0.0,4,0.8,6,5
226,0.89,80,226,True,0.3894944085015191,24,"(0.6, 0.4)",0.0,4,0.8,6,5
227,0.89,80,227,True,0.333454827202691,23,"(0.6, 0.4)",0.0,4,0.8,6,5
228,0.89,80,228,True,0.4709312778049045,21,"(0.6, 0.4)",0.0,4,0.8,6,5
229,0.89,80,229,True,0.3624320644802517,20,"(0.6, 0.4)",0.0,4,0.8,6,5
230,0.89,80,230,True,0.2757601843939887,27,"(0.6, 0.4)",0.0,4,0.8,6,5
231,0.89,80,231,True,0.4317494964599609,21,"(0.6, 0.4)",0.0,4,0.8,6,5
232,0.89,80,232,True,0.283986078898112,16,"(0.6, 0.4)",0.0,4,0.8,6,5
233,0.89,80,233,True,0.18655315823025173,29,"(0.6, 0.4)",0.0,4,0.8,6,5
234,0.89,80,234,True,0.33792030334472656,29,"(0.6, 0.4)",0.0,4,0.8,6,5
235,0.89,80,235,True,0.4368717363145616,20,"(0.6, 0.4)",0.0,4,0.8,6,5
236,0.89,80,236,True,0.4181332227918837,24,"(0.6, 0.4)",0.0,4,0.8,6,5
237,0.89,80,237,True,0.3954463873969184,19,"(0.6, 0.4)",0.0,4,0.8,6,5
238,0.89,80,238,True,0.1954668172200521,23,"(0.6, 0.4)",0.0,4,0.8,6,5
239,0.89,80,239,True,0.4192407311333551,17,"(0.6, 0.4)",0.0,4,0.8,6,5
240,0.89,85,240,True,0.4374421003899219,19,"(0.6, 0.4)",0.0,4,0.8,6,5
241,0.89,85,241,True,0.35959458632492963,21,"(0.6, 0.4)",0.0,4,0.8,6,5
242,0.89,85,242,True,0.4815897997709159,26,"(0.6, 0.4)",0.0,4,0.8,6,5
243,0.89,85,243,True,0.4429432118868309,26,"(0.6, 0.4)",0.0,4,0.8,6,5
244,0.89,85,244,True,0.4456850772061318,35,"(0.6, 0.4)",0.0,4,0.8,6,5
245,0.89,85,245,True,0.1669660058880734,23,"(0.6, 0.4)",0.0,4,0.8,6,5
246,0.89,85,246,True,0.45156416416895817,34,"(0.6, 0.4)",0.0,4,0.8,6,5
247,0.89,85,247,True,0.4521654301180409,23,"(0.6, 0.4)",0.0,4,0.8,6,5
248,0.89,85,248,True,0.3747758115390807,17,"(0.6, 0.4)",0.0,4,0.8,6,5
249,0.89,85,249,True,0.3481817014749451,22,"(0.6, 0.4)",0.0,4,0.8,6,5
250,0.89,85,250,True,0.4648421754209521,30,"(0.6, 0.4)",0.0,4,0.8,6,5
251,0.89,85,251,True,0.45634324168638896,22,"(0.6, 0.4)",0.0,4,0.8,6,5
252,0.89,85,252,True,0.4375480883716537,24,"(0.6, 0.4)",0.0,4,0.8,6,5
253,0.89,85,253,True,0.5218123984786261,16,"(0.6, 0.4)",0.0,4,0.8,6,5
254,0.89,85,254,True,0.42450945138215407,30,"(0.6, 0.4)",0.0,4,0.8,6,5
255,0.89,85,255,True,0.4215508874015717,24,"(0.6, 0.4)",0.0,4,0.8,6,5
256,0.89,85,256,True,0.24575677574103122,23,"(0.6, 0.4)",0.0,4,0.8,6,5
257,0.89,85,257,True,0.24505140423765678,27,"(0.6, 0.4)",0.0,4,0.8,6,5
258,0.89,85,258,True,0.5039472241844699,26,"(0.6, 0.4)",0.0,4,0.8,6,5
259,0.89,85,259,True,0.3334564893193861,30,"(0.6, 0.4)",0.0,4,0.8,6,5
260,0.89,90,260,True,0.4648517915206015,23,"(0.6, 0.4)",0.0,4,0.8,6,5
261,0.89,90,261,True,0.23510436777083438,26,"(0.6, 0.4)",0.0,4,0.8,6,5
262,0.89,90,262,True,0.37141491600196447,23,"(0.6, 0.4)",0.0,4,0.8,6,5
263,0.89,90,263,True,0.387902398855188,24,"(0.6, 0.4)",0.0,4,0.8,6,5
264,0.89,90,264,True,0.40471835890531593,20,"(0.6, 0.4)",0.0,4,0.8,6,5
265,0.89,90,265,True,0.4439716697149824,26,"(0.6, 0.4)",0.0,4,0.8,6,5
266,0.89,90,266,True,0.4076122425866653,24,"(0.6, 0.4)",0.0,4,0.8,6,5
267,0.89,90,267,True,0.3815941262764822,22,"(0.6, 0.4)",0.0,4,0.8,6,5
268,0.89,90,268,True,0.36356187234330806,22,"(0.6, 0.4)",0.0,4,0.8,6,5
269,0.89,90,269,True,0.4250023814967231,29,"(0.6, 0.4)",0.0,4,0.8,6,5
270,0.89,90,270,True,0.35839323062202577,20,"(0.6, 0.4)",0.0,4,0.8,6,5
271,0.89,90,271,True,0.3645644824637166,21,"(0.6, 0.4)",0.0,4,0.8,6,5
272,0.89,90,272,True,0.45394597071923315,27,"(0.6, 0.4)",0.0,4,0.8,6,5
273,0.89,90,273,True,0.26668224165523546,25,"(0.6, 0.4)",0.0,4,0.8,6,5
274,0.89,90,274,True,0.38887321864045116,18,"(0.6, 0.4)",0.0,4,0.8,6,5
275,0.89,90,275,True,0.40365027879388304,30,"(0.6, 0.4)",0.0,4,0.8,6,5
276,0.89,90,276,True,0.48997567698013517,16,"(0.6, 0.4)",0.0,4,0.8,6,5
277,0.89,90,277,True,0.45326808032312144,22,"(0.6, 0.4)",0.0,4,0.8,6,5
278,0.89,90,278,True,0.45165540483327404,21,"(0.6, 0.4)",0.0,4,0.8,6,5
279,0.89,90,279,True,0.3519694342833918,27,"(0.6, 0.4)",0.0,4,0.8,6,5
280,0.89,95,280,True,0.23801990640205511,29,"(0.6, 0.4)",0.0,4,0.8,6,5
281,0.89,95,281,True,0.2459891302587031,29,"(0.6, 0.4)",0.0,4,0.8,6,5
282,0.89,95,282,True,0.3858778366921337,22,"(0.6, 0.4)",0.0,4,0.8,6,5
283,0.89,95,283,True,0.4575447420855682,26,"(0.6, 0.4)",0.0,4,0.8,6,5
284,0.89,95,284,True,0.4731806419874345,33,"(0.6, 0.4)",0.0,4,0.8,6,5
285,0.89,95,285,True,0.4170585323930909,27,"(0.6, 0.4)",0.0,4,0.8,6,5
286,0.89,95,286,True,0.3276646170268457,28,"(0.6, 0.4)",0.0,4,0.8,6,5
287,0.89,95,287,True,0.47062574975125526,28,"(0.6, 0.4)",0.0,4,0.8,6,5
288,0.89,95,288,True,0.32542818629895925,29,"(0.6, 0.4)",0.0,4,0.8,6,5
289,0.89,95,289,True,0.4530729165334486,23,"(0.6, 0.4)",0.0,4,0.8,6,5
290,0.89,95,290,True,0.4301224583059437,21,"(0.6, 0.4)",0.0,4,0.8,6,5
291,0.89,95,291,True,0.4138304903533071,27,"(0.6, 0.4)",0.0,4,0.8,6,5
292,0.89,95,292,True,0.4401381460649729,26,"(0.6, 0.4)",0.0,4,0.8,6,5
293,0.89,95,293,True,0.24209495527709785,25,"(0.6, 0.4)",0.0,4,0.8,6,5
294,0.89,95,294,True,0.274793710231744,26,"(0.6, 0.4)",0.0,4,0.8,6,5
295,0.89,95,295,True,0.3206890848153577,27,"(0.6, 0.4)",0.0,4,0.8,6,5
296,0.89,95,296,True,0.4409550648015285,27,"(0.6, 0.4)",0.0,4,0.8,6,5
297,0.89,95,297,True,0.4096312225624079,22,"(0.6, 0.4)",0.0,4,0.8,6,5
298,0.89,95,298,True,0.39916544958644856,24,"(0.6, 0.4)",0.0,4,0.8,6,5
299,0.89,95,299,True,0.3687377961597389,27,"(0.6, 0.4)",0.0,4,0.8,6,5
300,0.89,100,300,True,0.38115510416666665,23,"(0.6, 0.4)",0.0,4,0.8,6,5
301,0.89,100,301,True,0.4303477083333333,23,"(0.6, 0.4)",0.0,4,0.8,6,5
302,0.89,100,302,True,0.3834932395833333,26,"(0.6, 0.4)",0.0,4,0.8,6,5
303,0.89,100,303,True,0.4395998784722222,28,"(0.6, 0.4)",0.0,4,0.8,6,5
304,0.89,100,304,True,0.44476759722222226,27,"(0.6, 0.4)",0.0,4,0.8,6,5
305,0.89,100,305,True,0.4524804513888889,24,"(0.6, 0.4)",0.0,4,0.8,6,5
306,0.89,100,306,True,0.44439569444444443,19,"(0.6, 0.4)",0.0,4,0.8,6,5
307,0.89,100,307,True,0.19620048263888887,24,"(0.6, 0.4)",0.0,4,0.8,6,5
308,0.89,100,308,True,0.43588210763888885,25,"(0.6, 0.4)",0.0,4,0.8,6,5
309,0.89,100,309,True,0.5006655451388888,22,"(0.6, 0.4)",0.0,4,0.8,6,5
310,0.89,100,310,True,0.3875797847222222,27,"(0.6, 0.4)",0.0,4,0.8,6,5
311,0.89,100,311,True,0.45570271180555555,23,"(0.6, 0.4)",0.0,4,0.8,6,5
312,0.89,100,312,True,0.3299525902777778,19,"(0.6, 0.4)",0.0,4,0.8,6,5
313,0.89,100,313,True,0.25049727777777775,22,"(0.6, 0.4)",0.0,4,0.8,6,5
314,0.89,100,314,True,0.20910880208333332,27,"(0.6, 0.4)",0.0,4,0.8,6,5
315,0.89,100,315,True,0.43442684375,27,"(0.6, 0.4)",0.0,4,0.8,6,5
316,0.89,100,316,True,0.42717385416666664,19,"(0.6, 0.4)",0.0,4,0.8,6,5
317,0.89,100,317,True,0.4029135694444444,23,"(0.6, 0.4)",0.0,4,0.8,6,5
318,0.89,100,318,True,0.22345177083333334,23,"(0.6, 0.4)",0.0,4,0.8,6,5
319,0.89,100,319,True,0.21518810416666664,23,"(0.6, 0.4)",0.0,4,0.8,6,5
320,0.9,65,320,True,0.25307892658598163,18,"(0.6, 0.4)",0.0,4,0.8,6,5
321,0.9,65,321,True,0.48715791541690495,19,"(0.6, 0.4)",0.0,4,0.8,6,5
322,0.9,65,322,True,0.4127559142420317,20,"(0.6, 0.4)",0.0,4,0.8,6,5
323,0.9,65,323,True,0.4657413956093974,26,"(0.6, 0.4)",0.0,4,0.8,6,5
324,0.9,65,324,True,0.4361728892156748,22,"(0.6, 0.4)",0.0,4,0.8,6,5
325,0.9,65,325,True,0.2699940089243685,21,"(0.6, 0.4)",0.0,4,0.8,6,5
326,0.9,65,326,True,0.45010686678415396,19,"(0.6, 0.4)",0.0,4,0.8,6,5
327,0.9,65,327,True,0.383133741037701,29,"(0.6, 0.4)",0.0,4,0.8,6,5
328,0.9,65,328,True,0.2077592793591883,22,"(0.6, 0.4)",0.0,4,0.8,6,5
329,0.9,65,329,True,0.4277994467980813,28,"(0.6, 0.4)",0.0,4,0.8,6,5
330,0.9,65,330,True,0.46246480243066496,16,"(0.6, 0.4)",0.0,4,0.8,6,5
331,0.9,65,331,True,0.4403187524557574,20,"(0.6, 0.4)",0.0,4,0.8,6,5
332,0.9,65,332,True,0.24893563094974108,22,"(0.6, 0.4)",0.0,4,0.8,6,5
333,0.9,65,333,True,0.5181565771506599,22,"(0.6, 0.4)",0.0,4,0.8,6,5
334,0.9,65,334,True,0.4601582966671724,25,"(0.6, 0.4)",0.0,4,0.8,6,5
335,0.9,65,335,True,0.43035343455916963,30,"(0.6, 0.4)",0.0,4,0.8,6,5
336,0.9,65,336,True,0.22433372625452733,17,"(0.6, 0.4)",0.0,4,0.8,6,5
337,0.9,65,337,True,0.4422616894055219,19,"(0.6, 0.4)",0.0,4,0.8,6,5
338,0.9,65,338,True,0.3452556710977285,23,"(0.6, 0.4)",0.0,4,0.8,6,5
339,0.9,65,339,True,0.44238973892137295,21,"(0.6, 0.4)",0.0,4,0.8,6,5
340,0.9,70,340,True,0.34208314533296313,16,"(0.6, 0.4)",0.0,4,0.8,6,5
341,0.9,70,341,True,0.37128464991438753,15,"(0.6, 0.4)",0.0,4,0.8,6,5
342,0.9,70,342,True,0.3940422104215836,24,"(0.6, 0.4)",0.0,4,0.8,6,5
343,0.9,70,343,True,0.3592433563561479,22,"(0.6, 0.4)",0.0,4,0.8,6,5
344,0.9,70,344,True,0.4006442338840298,24,"(0.6, 0.4)",0.0,4,0.8,6,5
345,0.9,70,345,True,0.5083070566662039,27,"(0.6, 0.4)",0.0,4,0.8,6,5
346,0.9,70,346,True,0.4565907145170994,23,"(0.6, 0.4)",0.0,4,0.8,6,5
347,0.9,70,347,True,0.3509343473784071,21,"(0.6, 0.4)",0.0,4,0.8,6,5
348,0.9,70,348,True,0.39491706291360085,26,"(0.6, 0.4)",0.0,4,0.8,6,5
349,0.9,70,349,True,0.4077852110231848,24,"(0.6, 0.4)",0.0,4,0.8,6,5
350,0.9,70,350,True,0.4410615513212088,22,"(0.6, 0.4)",0.0,4,0.8,6,5
351,0.9,70,351,True,0.45904628858346064,27,"(0.6, 0.4)",0.0,4,0.8,6,5
352,0.9,70,352,True,0.3583235283909482,24,"(0.6, 0.4)",0.0,4,0.8,6,5
353,0.9,70,353,True,0.3098322458234995,17,"(0.6, 0.4)",0.0,4,0.8,6,5
354,0.9,70,354,True,0.14876611018557084,21,"(0.6, 0.4)",0.0,4,0.8,6,5
355,0.9,70,355,True,0.29739957887917073,17,"(0.6, 0.4)",0.0,4,0.8,6,5
356,0.9,70,356,True,0.41187715477347403,20,"(0.6, 0.4)",0.0,4,0.8,6,5
357,0.9,70,357,True,0.37447845804988666,26,"(0.6, 0.4)",0.0,4,0.8,6,5
358,0.9,70,358,True,0.420024223124624,22,"(0.6, 0.4)",0.0,4,0.8,6,5
359,0.9,70,359,True,0.22789086723124624,21,"(0.6, 0.4)",0.0,4,0.8,6,5
360,0.9,75,360,True,0.43219063923182444,25,"(0.6, 0.4)",0.0,4,0.8,6,5
361,0.9,75,361,True,0.32237890809327846,33,"(0.6, 0.4)",0.0,4,0.8,6,5
362,0.9,75,362,True,0.20954662277091907,28,"(0.6, 0.4)",0.0,4,0.8,6,5
363,0.9,75,363,True,0.39341051303155006,26,"(0.6, 0.4)",0.0,4,0.8,6,5
364,0.9,75,364,True,0.3471568395061728,21,"(0.6, 0.4)",0.0,4,0.8,6,5
365,0.9,75,365,True,0.2700945075445816,24,"(0.6, 0.4)",0.0,4,0.8,6,5
366,0.9,75,366,True,0.43792458710562415,25,"(0.6, 0.4)",0.0,4,0.8,6,5
367,0.9,75,367,True,0.4847669574759945,25,"(0.6, 0.4)",0.0,4,0.8,6,5
368,0.9,75,368,True,0.418765048010974,20,"(0.6, 0.4)",0.0,4,0.8,6,5
369,0.9,75,369,True,0.2999276817558299,28,"(0.6, 0.4)",0.0,4,0.8,6,5
370,0.9,75,370,True,0.24460623319615915,29,"(0.6, 0.4)",0.0,4,0.8,6,5
371,0.9,75,371,True,0.273062573388203,19,"(0.6, 0.4)",0.0,4,0.8,6,5
372,0.9,75,372,True,0.4230693223593965,25,"(0.6, 0.4)",0.0,4,0.8,6,5
373,0.9,75,373,True,0.3101453278463649,26,"(0.6, 0.4)",0.0,4,0.8,6,5
374,0.9,75,374,True,0.4929829794238683,24,"(0.6, 0.4)",0.0,4,0.8,6,5
375,0.9,75,375,True,0.4351125596707819,18,"(0.6, 0.4)",0.0,4,0.8,6,5
376,0.9,75,376,True,0.5025665514403292,26,"(0.6, 0.4)",0.0,4,0.8,6,5
377,0.9,75,377,True,0.404339182441701,24,"(0.6, 0.4)",0.0,4,0.8,6,5
378,0.9,75,378,True,0.3246262935528121,24,"(0.6, 0.4)",0.0,4,0.8,6,5
379,0.9,75,379,True,0.4477835281207133,30,"(0.6, 0.4)",0.0,4,0.8,6,5
380,0.9,80,380,True,0.3621779378255209,28,"(0.6, 0.4)",0.0,4,0.8,6,5
381,0.9,80,381,True,0.4352831268310547,18,"(0.6, 0.4)",0.0,4,0.8,6,5
382,0.9,80,382,True,0.175129640367296,27,"(0.6, 0.4)",0.0,4,0.8,6,5
383,0.9,80,383,True,0.48153093973795574,22,"(0.6, 0.4)",0.0,4,0.8,6,5
384,0.9,80,384,True,0.287247568766276,26,"(0.6, 0.4)",0.0,4,0.8,6,5
385,0.9,80,385,True,0.4732271915011936,20,"(0.6, 0.4)",0.0,4,0.8,6,5
386,0.9,80,386,True,0.3975776672363281,21,"(0.6, 0.4)",0.0,4,0.8,6,5
387,0.9,80,387,True,0.4476271565755208,23,"(0.6, 0.4)",0.0,4,0.8,6,5
388,0.9,80,388,True,0.3918411933051215,31,"(0.6, 0.4)",0.0,4,0.8,6,5
389,0.9,80,389,True,0.24468331231011284,18,"(0.6, 0.4)",0.0,4,0.8,6,5
390,0.9,80,390,True,0.46695337931315106,25,"(0.6, 0.4)",0.0,4,0.8,6,5
391,0.9,80,391,True,0.37990111456976994,31,"(0.6, 0.4)",0.0,4,0.8,6,5
392,0.9,80,392,True,0.45832884894477,28,"(0.6, 0.4)",0.0,4,0.8,6,5
393,0.9,80,393,True,0.4710504913330078,23,"(0.6, 0.4)",0.0,4,0.8,6,5
394,0.9,80,394,True,0.44906182183159726,21,"(0.6, 0.4)",0.0,4,0.8,6,5
395,0.9,80,395,True,0.21400838216145834,19,"(0.6, 0.4)",0.0,4,0.8,6,5
396,0.9,80,396,True,0.3617877027723524,19,"(0.6, 0.4)",0.0,4,0.8,6,5
397,0.9,80,397,True,0.3724604203965929,26,"(0.6, 0.4)",0.0,4,0.8,6,5
398,0.9,80,398,True,0.4482745530870226,23,"(0.6, 0.4)",0.0,4,0.8,6,5
399,0.9,80,399,True,0.4425929768880208,21,"(0.6, 0.4)",0.0,4,0.8,6,5
400,0.9,85,400,True,0.3588718472666222,23,"(0.6, 0.4)",0.0,4,0.8,6,5
401,0.9,85,401,True,0.48183250652863086,31,"(0.6, 0.4)",0.0,4,0.8,6,5
402,0.9,85,402,True,0.4479420544932811,27,"(0.6, 0.4)",0.0,4,0.8,6,5
403,0.9,85,403,False,0.17147143965123876,29,"(0.6, 0.4)",0.0,4,0.8,6,5
404,0.9,85,404,True,0.37019781452169714,24,"(0.6, 0.4)",0.0,4,0.8,6,5
405,0.9,85,405,True,0.33501348296968564,31,"(0.6, 0.4)",0.0,4,0.8,6,5
406,0.9,85,406,True,0.5044037161645308,32,"(0.6, 0.4)",0.0,4,0.8,6,5
407,0.9,85,407,True,0.3259675544008227,24,"(0.6, 0.4)",0.0,4,0.8,6,5
408,0.9,85,408,True,0.2755787765951078,25,"(0.6, 0.4)",0.0,4,0.8,6,5
409,0.9,85,409,True,0.4097146093663736,23,"(0.6, 0.4)",0.0,4,0.8,6,5
410,0.9,85,410,True,0.4532904033450004,30,"(0.6, 0.4)",0.0,4,0.8,6,5
411,0.9,85,411,True,0.32408572561258714,25,"(0.6, 0.4)",0.0,4,0.8,6,5
412,0.9,85,412,True,0.17156927266462593,21,"(0.6, 0.4)",0.0,4,0.8,6,5
413,0.9,85,413,True,0.4057663076085988,31,"(0.6, 0.4)",0.0,4,0.8,6,5
414,0.9,85,414,True,0.46867753818400965,28,"(0.6, 0.4)",0.0,4,0.8,6,5
415,0.9,85,415,True,0.42709395774050174,19,"(0.6, 0.4)",0.0,4,0.8,6,5
416,0.9,85,416,True,0.44682050023347425,28,"(0.6, 0.4)",0.0,4,0.8,6,5
417,0.9,85,417,True,0.44316047594151303,30,"(0.6, 0.4)",0.0,4,0.8,6,5
418,0.9,85,418,True,0.2525198453083656,18,"(0.6, 0.4)",0.0,4,0.8,6,5
419,0.9,85,419,True,0.2577625587177676,24,"(0.6, 0.4)",0.0,4,0.8,6,5
420,0.9,90,420,True,0.38109228670256906,24,"(0.6, 0.4)",0.0,4,0.8,6,5
421,0.9,90,421,True,0.438345822960592,18,"(0.6, 0.4)",0.0,4,0.8,6,5
422,0.9,90,422,True,0.40286667640434215,27,"(0.6, 0.4)",0.0,4,0.8,6,5
423,0.9,90,423,True,0.45847920265372827,23,"(0.6, 0.4)",0.0,4,0.8,6,5
424,0.9,90,424,False,0.15644483289302105,29,"(0.6, 0.4)",0.0,4,0.8,6,5
425,0.9,90,425,True,0.301777051685888,26,"(0.6, 0.4)",0.0,4,0.8,6,5
426,0.9,90,426,True,0.4482731396806042,18,"(0.6, 0.4)",0.0,4,0.8,6,5
427,0.9,90,427,True,0.34522277578790495,28,"(0.6, 0.4)",0.0,4,0.8,6,5
428,0.9,90,428,True,0.4648535697048214,25,"(0.6, 0.4)",0.0,4,0.8,6,5
429,0.9,90,429,True,0.40323018806415006,22,"(0.6, 0.4)",0.0,4,0.8,6,5
430,0.9,90,430,True,0.29543184473911493,20,"(0.6, 0.4)",0.0,4,0.8,6,5
431,0.9,90,431,True,0.28322674812443904,27,"(0.6, 0.4)",0.0,4,0.8,6,5
432,0.9,90,432,True,0.43084980799844197,22,"(0.6, 0.4)",0.0,4,0.8,6,5
433,0.9,90,433,True,0.4228722755677488,24,"(0.6, 0.4)",0.0,4,0.8,6,5
434,0.9,90,434,True,0.49464082795644293,30,"(0.6, 0.4)",0.0,4,0.8,6,5
435,0.9,90,435,True,0.2399248399634202,29,"(0.6, 0.4)",0.0,4,0.8,6,5
436,0.9,90,436,True,0.42325050487730526,21,"(0.6, 0.4)",0.0,4,0.8,6,5
437,0.9,90,437,True,0.40916476676150315,29,"(0.6, 0.4)",0.0,4,0.8,6,5
438,0.9,90,438,True,0.3570323428423851,23,"(0.6, 0.4)",0.0,4,0.8,6,5
439,0.9,90,439,True,0.317842554488645,27,"(0.6, 0.4)",0.0,4,0.8,6,5
440,0.9,95,440,True,0.3544388556802903,32,"(0.6, 0.4)",0.0,4,0.8,6,5
441,0.9,95,441,True,0.37264852854788477,24,"(0.6, 0.4)",0.0,4,0.8,6,5
442,0.9,95,442,True,0.3518949491384096,22,"(0.6, 0.4)",0.0,4,0.8,6,5
443,0.9,95,443,True,0.20310772801177265,21,"(0.6, 0.4)",0.0,4,0.8,6,5
444,0.9,95,444,True,0.3806281967006256,24,"(0.6, 0.4)",0.0,4,0.8,6,5
445,0.9,95,445,True,0.4818873184077948,32,"(0.6, 0.4)",0.0,4,0.8,6,5
446,0.9,95,446,True,0.41936025489198037,23,"(0.6, 0.4)",0.0,4,0.8,6,5
447,0.9,95,447,True,0.3462657719528447,32,"(0.6, 0.4)",0.0,4,0.8,6,5
448,0.9,95,448,False,0.16642643506759805,20,"(0.6, 0.4)",0.0,4,0.8,6,5
449,0.9,95,449,True,0.41893546618648486,28,"(0.6, 0.4)",0.0,4,0.8,6,5
450,0.9,95,450,True,0.4762343580679843,23,"(0.6, 0.4)",0.0,4,0.8,6,5
451,0.9,95,451,True,0.463433999295756,31,"(0.6, 0.4)",0.0,4,0.8,6,5
452,0.9,95,452,True,0.25626319285115645,24,"(0.6, 0.4)",0.0,4,0.8,6,5
453,0.9,95,453,True,0.37752607450491904,27,"(0.6, 0.4)",0.0,4,0.8,6,5
454,0.9,95,454,True,0.23914450557554895,25,"(0.6, 0.4)",0.0,4,0.8,6,5
455,0.9,95,455,True,0.15041551672835196,26,"(0.6, 0.4)",0.0,4,0.8,6,5
456,0.9,95,456,True,0.4339412126808249,29,"(0.6, 0.4)",0.0,4,0.8,6,5
457,0.9,95,457,True,0.1756908965810064,22,"(0.6, 0.4)",0.0,4,0.8,6,5
458,0.9,95,458,True,0.4237295899270946,19,"(0.6, 0.4)",0.0,4,0.8,6,5
459,0.9,95,459,True,0.3077269758689868,30,"(0.6, 0.4)",0.0,4,0.8,6,5
460,0.9,100,460,True,0.28584810069444444,26,"(0.6, 0.4)",0.0,4,0.8,6,5
461,0.9,100,461,True,0.33377728819444447,32,"(0.6, 0.4)",0.0,4,0.8,6,5
462,0.9,100,462,True,0.42361064236111107,26,"(0.6, 0.4)",0.0,4,0.8,6,5
463,0.9,100,463,True,0.4653521909722222,25,"(0.6, 0.4)",0.0,4,0.8,6,5
464,0.9,100,464,True,0.3909450173611111,29,"(0.6, 0.4)",0.0,4,0.8,6,5
465,0.9,100,465,True,0.32184366319444446,22,"(0.6, 0.4)",0.0,4,0.8,6,5
466,0.9,100,466,True,0.44124235416666663,26,"(0.6, 0.4)",0.0,4,0.8,6,5
467,0.9,100,467,True,0.44847836458333334,26,"(0.6, 0.4)",0.0,4,0.8,6,5
468,0.9,100,468,True,0.13480906597222223,32,"(0.6, 0.4)",0.0,4,0.8,6,5
469,0.9,100,469,True,0.25872285763888886,26,"(0.6, 0.4)",0.0,4,0.8,6,5
470,0.9,100,470,True,0.44944862152777776,28,"(0.6, 0.4)",0.0,4,0.8,6,5
471,0.9,100,471,True,0.3532956631944444,32,"(0.6, 0.4)",0.0,4,0.8,6,5
472,0.9,100,472,True,0.31829625694444447,26,"(0.6, 0.4)",0.0,4,0.8,6,5
473,0.9,100,473,True,0.3070873506944444,32,"(0.6, 0.4)",0.0,4,0.8,6,5
474,0.9,100,474,True,0.4034412361111111,35,"(0.6, 0.4)",0.0,4,0.8,6,5
475,0.9,100,475,True,0.3391033506944444,18,"(0.6, 0.4)",0.0,4,0.8,6,5
476,0.9,100,476,True,0.48613687499999997,20,"(0.6, 0.4)",0.0,4,0.8,6,5
477,0.9,100,477,False,0.2045457013888889,26,"(0.6, 0.4)",0.0,4,0.8,6,5
478,0.9,100,478,True,0.3819440625,27,"(0.6, 0.4)",0.0,4,0.8,6,5
479,0.9,100,479,True,0.4867609548611111,20,"(0.6, 0.4)",0.0,4,0.8,6,5
480,0.91,65,480,True,0.3576263280541842,28,"(0.6, 0.4)",0.0,4,0.8,6,5
481,0.91,65,481,True,0.538980991950951,27,"(0.6, 0.4)",0.0,4,0.8,6,5
482,0.91,65,482,True,0.2867993651015954,24,"(0.6, 0.4)",0.0,4,0.8,6,5
483,0.91,65,483,True,0.4300145303035608,25,"(0.6, 0.4)",0.0,4,0.8,6,5
484,0.91,65,484,True,0.3553452843621255,29,"(0.6, 0.4)",0.0,4,0.8,6,5
485,0.91,65,485,True,0.3346558632789857,28,"(0.6, 0.4)",0.0,4,0.8,6,5
486,0.91,65,486,True,0.40503404020245165,25,"(0.6, 0.4)",0.0,4,0.8,6,5
487,0.91,65,487,True,0.3546585086890048,23,"(0.6, 0.4)",0.0,4,0.8,6,5
488,0.91,65,488,False,0.2740613268287369,25,"(0.6, 0.4)",0.0,4,0.8,6,5
489,0.91,65,489,True,0.49888676867056475,24,"(0.6, 0.4)",0.0,4,0.8,6,5
490,0.91,65,490,True,0.37044493462335976,20,"(0.6, 0.4)",0.0,4,0.8,6,5
491,0.91,65,491,True,0.295719960007625,31,"(0.6, 0.4)",0.0,4,0.8,6,5
492,0.91,65,492,True,0.5235990608794432,29,"(0.6, 0.4)",0.0,4,0.8,6,5
493,0.91,65,493,True,0.3740819454656505,22,"(0.6, 0.4)",0.0,4,0.8,6,5
494,0.91,65,494,True,0.3019690409221588,19,"(0.6, 0.4)",0.0,4,0.8,6,5
495,0.91,65,495,True,0.443798011274115,30,"(0.6, 0.4)",0.0,4,0.8,6,5
496,0.91,65,496,True,0.41190572614559867,30,"(0.6, 0.4)",0.0,4,0.8,6,5
497,0.91,65,497,True,0.20848670875980846,28,"(0.6, 0.4)",0.0,4,0.8,6,5
498,0.91,65,498,True,0.4419716279775451,23,"(0.6, 0.4)",0.0,4,0.8,6,5
499,0.91,65,499,True,0.484177471999502,23,"(0.6, 0.4)",0.0,4,0.8,6,5
500,0.91,70,500,True,0.3044495204544403,32,"(0.6, 0.4)",0.0,4,0.8,6,5
501,0.91,70,501,True,0.4822914786662965,24,"(0.6, 0.4)",0.0,4,0.8,6,5
502,0.91,70,502,True,0.4272497281225416,26,"(0.6, 0.4)",0.0,4,0.8,6,5
503,0.91,70,503,True,0.4873238725762414,27,"(0.6, 0.4)",0.0,4,0.8,6,5
504,0.91,70,504,False,0.2037890751538711,23,"(0.6, 0.4)",0.0,4,0.8,6,5
505,0.91,70,505,True,0.40070299123050584,20,"(0.6, 0.4)",0.0,4,0.8,6,5
506,0.91,70,506,True,0.28699650608542737,24,"(0.6, 0.4)",0.0,4,0.8,6,5
507,0.91,70,507,True,0.2557758341431811,21,"(0.6, 0.4)",0.0,4,0.8,6,5
508,0.91,70,508,True,0.18739697579712158,25,"(0.6, 0.4)",0.0,4,0.8,6,5
509,0.91,70,509,True,0.39342701536396874,27,"(0.6, 0.4)",0.0,4,0.8,6,5
510,0.91,70,510,True,0.4605796629876441,33,"(0.6, 0.4)",0.0,4,0.8,6,5
511,0.91,70,511,True,0.3583091102087093,21,"(0.6, 0.4)",0.0,4,0.8,6,5
512,0.91,70,512,True,0.4436438520986626,22,"(0.6, 0.4)",0.0,4,0.8,6,5
513,0.91,70,513,True,0.28918646455180713,26,"(0.6, 0.4)",0.0,4,0.8,6,5
514,0.91,70,514,False,0.20448077190059696,29,"(0.6, 0.4)",0.0,4,0.8,6,5
515,0.91,70,515,True,0.49064842773844236,24,"(0.6, 0.4)",0.0,4,0.8,6,5
516,0.91,70,516,True,0.3179481784210283,25,"(0.6, 0.4)",0.0,4,0.8,6,5
517,0.91,70,517,True,0.38672846094220004,22,"(0.6, 0.4)",0.0,4,0.8,6,5
518,0.91,70,518,True,0.3623399683002453,31,"(0.6, 0.4)",0.0,4,0.8,6,5
519,0.91,70,519,True,0.2679465442639641,25,"(0.6, 0.4)",0.0,4,0.8,6,5
520,0.91,75,520,False,0.19771115500685874,25,"(0.6, 0.4)",0.0,4,0.8,6,5
521,0.91,75,521,True,0.4300736241426612,27,"(0.6, 0.4)",0.0,4,0.8,6,5
522,0.91,75,522,True,0.41533988477366257,31,"(0.6, 0.4)",0.0,4,0.8,6,5
523,0.91,75,523,True,0.4940712427983539,22,"(0.6, 0.4)",0.0,4,0.8,6,5
524,0.91,75,524,True,0.2526149465020576,30,"(0.6, 0.4)",0.0,4,0.8,6,5
525,0.91,75,525,True,0.4440494156378601,25,"(0.6, 0.4)",0.0,4,0.8,6,5
526,0.91,75,526,True,0.30087454595336083,22,"(0.6, 0.4)",0.0,4,0.8,6,5
527,0.91,75,527,True,0.49788914128943756,26,"(0.6, 0.4)",0.0,4,0.8,6,5
528,0.91,75,528,True,0.4227915829903979,28,"(0.6, 0.4)",0.0,4,0.8,6,5
529,0.91,75,529,True,0.4421965871056242,25,"(0.6, 0.4)",0.0,4,0.8,6,5
530,0.91,75,530,True,0.3933124170096022,28,"(0.6, 0.4)",0.0,4,0.8,6,5
531,0.91,75,531,True,0.4509247846364884,19,"(0.6, 0.4)",0.0,4,0.8,6,5
532,0.91,75,532,True,0.31189197256515777,32,"(0.6, 0.4)",0.0,4,0.8,6,5
533,0.91,75,533,True,0.434982792866941,21,"(0.6, 0.4)",0.0,4,0.8,6,5
534,0.91,75,534,True,0.42761121536351165,29,"(0.6, 0.4)",0.0,4,0.8,6,5
535,0.91,75,535,True,0.4849560713305899,21,"(0.6, 0.4)",0.0,4,0.8,6,5
536,0.91,75,536,True,0.3646082633744856,25,"(0.6, 0.4)",0.0,4,0.8,6,5
537,0.91,75,537,True,0.3812694430727024,33,"(0.6, 0.4)",0.0,4,0.8,6,5
538,0.91,75,538,True,0.2651451522633745,25,"(0.6, 0.4)",0.0,4,0.8,6,5
539,0.91,75,539,True,0.4067524499314129,23,"(0.6, 0.4)",0.0,4,0.8,6,5
540,0.91,80,540,True,0.43336101955837675,28,"(0.6, 0.4)",0.0,4,0.8,6,5
541,0.91,80,541,True,0.35569077385796444,27,"(0.6, 0.4)",0.0,4,0.8,6,5
542,0.91,80,542,True,0.4893431176079644,32,"(0.6, 0.4)",0.0,4,0.8,6,5
543,0.91,80,543,True,0.3523341454399957,31,"(0.6, 0.4)",0.0,4,0.8,6,5
544,0.91,80,544,True,0.5072724236382379,36,"(0.6, 0.4)",0.0,4,0.8,6,5
545,0.91,80,545,True,0.3678718482123481,28,"(0.6, 0.4)",0.0,4,0.8,6,5
546,0.91,80,546,True,0.33714678446451823,26,"(0.6, 0.4)",0.0,4,0.8,6,5
547,0.91,80,547,True,0.49413430955674914,32,"(0.6, 0.4)",0.0,4,0.8,6,5
548,0.91,80,548,True,0.3321055433485243,26,"(0.6, 0.4)",0.0,4,0.8,6,5
549,0.91,80,549,True,0.44657874213324655,33,"(0.6, 0.4)",0.0,4,0.8,6,5
550,0.91,80,550,True,0.22802520751953126,28,"(0.6, 0.4)",0.0,4,0.8,6,5
551,0.91,80,551,True,0.42594049241807724,29,"(0.6, 0.4)",0.0,4,0.8,6,5
552,0.91,80,552,True,0.3627042388916016,25,"(0.6, 0.4)",0.0,4,0.8,6,5
553,0.91,80,553,True,0.4858211178249783,26,"(0.6, 0.4)",0.0,4,0.8,6,5
554,0.91,80,554,True,0.2735870361328125,34,"(0.6, 0.4)",0.0,4,0.8,6,5
555,0.91,80,555,True,0.26824010213216143,25,"(0.6, 0.4)",0.0,4,0.8,6,5
556,0.91,80,556,True,0.21415967305501302,31,"(0.6, 0.4)",0.0,4,0.8,6,5
557,0.91,80,557,True,0.42727146572536895,30,"(0.6, 0.4)",0.0,4,0.8,6,5
558,0.91,80,558,True,0.3727375708685981,30,"(0.6, 0.4)",0.0,4,0.8,6,5
559,0.91,80,559,True,0.48581134372287327,34,"(0.6, 0.4)",0.0,4,0.8,6,5
560,0.91,85,560,True,0.22771199259268127,37,"(0.6, 0.4)",0.0,4,0.8,6,5
561,0.91,85,561,True,0.23525180626562317,30,"(0.6, 0.4)",0.0,4,0.8,6,5
562,0.91,85,562,True,0.4706264292812586,30,"(0.6, 0.4)",0.0,4,0.8,6,5
563,0.91,85,563,True,0.3807576737187853,26,"(0.6, 0.4)",0.0,4,0.8,6,5
564,0.91,85,564,True,0.4099016481550216,33,"(0.6, 0.4)",0.0,4,0.8,6,5
565,0.91,85,565,True,0.37962886912007493,30,"(0.6, 0.4)",0.0,4,0.8,6,5
566,0.91,85,566,True,0.4793238427062256,35,"(0.6, 0.4)",0.0,4,0.8,6,5
567,0.91,85,567,True,0.4708444649316406,29,"(0.6, 0.4)",0.0,4,0.8,6,5
568,0.91,85,568,True,0.408304478314835,27,"(0.6, 0.4)",0.0,4,0.8,6,5
569,0.91,85,569,True,0.3737272728482125,28,"(0.6, 0.4)",0.0,4,0.8,6,5
570,0.91,85,570,True,0.43312219548244024,25,"(0.6, 0.4)",0.0,4,0.8,6,5
571,0.91,85,571,True,0.45374851833670576,26,"(0.6, 0.4)",0.0,4,0.8,6,5
572,0.91,85,572,True,0.41615518518961964,32,"(0.6, 0.4)",0.0,4,0.8,6,5
573,0.91,85,573,True,0.46165166046064265,34,"(0.6, 0.4)",0.0,4,0.8,6,5
574,0.91,85,574,True,0.38808708122641145,24,"(0.6, 0.4)",0.0,4,0.8,6,5
575,0.91,85,575,True,0.23116880784473368,21,"(0.6, 0.4)",0.0,4,0.8,6,5
576,0.91,85,576,True,0.4391051884489463,22,"(0.6, 0.4)",0.0,4,0.8,6,5
577,0.91,85,577,True,0.47010967966805417,32,"(0.6, 0.4)",0.0,4,0.8,6,5
578,0.91,85,578,True,0.4376125764777721,18,"(0.6, 0.4)",0.0,4,0.8,6,5
579,0.91,85,579,True,0.4169543122222089,30,"(0.6, 0.4)",0.0,4,0.8,6,5
580,0.91,90,580,True,0.2447038264830903,27,"(0.6, 0.4)",0.0,4,0.8,6,5
581,0.91,90,581,True,0.4799261577249403,25,"(0.6, 0.4)",0.0,4,0.8,6,5
582,0.91,90,582,True,0.3847175809497197,32,"(0.6, 0.4)",0.0,4,0.8,6,5
583,0.91,90,583,True,0.22443723115548103,24,"(0.6, 0.4)",0.0,4,0.8,6,5
584,0.91,90,584,True,0.28660731447611304,26,"(0.6, 0.4)",0.0,4,0.8,6,5
585,0.91,90,585,True,0.44107950071127366,24,"(0.6, 0.4)",0.0,4,0.8,6,5
586,0.91,90,586,True,0.46188727264644613,31,"(0.6, 0.4)",0.0,4,0.8,6,5
587,0.91,90,587,True,0.28355218758996764,24,"(0.6, 0.4)",0.0,4,0.8,6,5
588,0.91,90,588,True,0.36082595598570677,27,"(0.6, 0.4)",0.0,4,0.8,6,5
589,0.91,90,589,True,0.38921491579027584,21,"(0.6, 0.4)",0.0,4,0.8,6,5
590,0.91,90,590,True,0.21796948826398416,26,"(0.6, 0.4)",0.0,4,0.8,6,5
591,0.91,90,591,True,0.3321140123033413,29,"(0.6, 0.4)",0.0,4,0.8,6,5
592,0.91,90,592,True,0.43649807257531875,22,"(0.6, 0.4)",0.0,4,0.8,6,5
593,0.91,90,593,True,0.47829866932547543,22,"(0.6, 0.4)",0.0,4,0.8,6,5
594,0.91,90,594,True,0.4644948316228894,22,"(0.6, 0.4)",0.0,4,0.8,6,5
595,0.91,90,595,True,0.23454296431776997,26,"(0.6, 0.4)",0.0,4,0.8,6,5
596,0.91,90,596,True,0.45604394231909096,29,"(0.6, 0.4)",0.0,4,0.8,6,5
597,0.91,90,597,True,0.3923125656234652,34,"(0.6, 0.4)",0.0,4,0.8,6,5
598,0.91,90,598,True,0.37218001680807467,22,"(0.6, 0.4)",0.0,4,0.8,6,5
599,0.91,90,599,True,0.3907405131754983,30,"(0.6, 0.4)",0.0,4,0.8,6,5
600,0.91,95,600,True,0.47882841428302253,29,"(0.6, 0.4)",0.0,4,0.8,6,5
601,0.91,95,601,True,0.41915998444865626,28,"(0.6, 0.4)",0.0,4,0.8,6,5
602,0.91,95,602,True,0.46318258164242315,21,"(0.6, 0.4)",0.0,4,0.8,6,5
603,0.91,95,603,True,0.2524265169167756,26,"(0.6, 0.4)",0.0,4,0.8,6,5
604,0.91,95,604,True,0.30374493238490596,26,"(0.6, 0.4)",0.0,4,0.8,6,5
605,0.91,95,605,True,0.44151144311183754,32,"(0.6, 0.4)",0.0,4,0.8,6,5
606,0.91,95,606,True,0.19379903383866676,30,"(0.6, 0.4)",0.0,4,0.8,6,5
607,0.91,95,607,True,0.46845476852455775,24,"(0.6, 0.4)",0.0,4,0.8,6,5
608,0.91,95,608,True,0.2734091972897691,33,"(0.6, 0.4)",0.0,4,0.8,6,5
609,0.91,95,609,True,0.4759676533755539,27,"(0.6, 0.4)",0.0,4,0.8,6,5
610,0.91,95,610,False,0.16908016018566124,30,"(0.6, 0.4)",0.0,4,0.8,6,5
611,0.91,95,611,True,0.47042327534830664,33,"(0.6, 0.4)",0.0,4,0.8,6,5
612,0.91,95,612,True,0.3907730185891419,31,"(0.6, 0.4)",0.0,4,0.8,6,5
613,0.91,95,613,True,0.4586397604547404,31,"(0.6, 0.4)",0.0,4,0.8,6,5
614,0.91,95,614,False,0.10451844547949551,22,"(0.6, 0.4)",0.0,4,0.8,6,5
615,0.91,95,615,True,0.3674785678781198,25,"(0.6, 0.4)",0.0,4,0.8,6,5
616,0.91,95,616,True,0.39183736056864715,26,"(0.6, 0.4)",0.0,4,0.8,6,5
617,0.91,95,617,True,0.4106135064784477,26,"(0.6, 0.4)",0.0,4,0.8,6,5
618,0.91,95,618,True,0.3942469662517084,32,"(0.6, 0.4)",0.0,4,0.8,6,5
619,0.91,95,619,True,0.37311191851914377,20,"(0.6, 0.4)",0.0,4,0.8,6,5
620,0.91,100,620,True,0.44471911805555553,19,"(0.6, 0.4)",0.0,4,0.8,6,5
621,0.91,100,621,True,0.29056260069444445,26,"(0.6, 0.4)",0.0,4,0.8,6,5
622,0.91,100,622,True,0.2338466736111111,25,"(0.6, 0.4)",0.0,4,0.8,6,5
623,0.91,100,623,True,0.4586752881944445,31,"(0.6, 0.4)",0.0,4,0.8,6,5
624,0.91,100,624,True,0.4176820868055556,30,"(0.6, 0.4)",0.0,4,0.8,6,5
625,0.91,100,625,True,0.33765926388888884,21,"(0.6, 0.4)",0.0,4,0.8,6,5
626,0.91,100,626,True,0.42503774652777776,31,"(0.6, 0.4)",0.0,4,0.8,6,5
627,0.91,100,627,True,0.2155452361111111,25,"(0.6, 0.4)",0.0,4,0.8,6,5
628,0.91,100,628,True,0.28433878125,25,"(0.6, 0.4)",0.0,4,0.8,6,5
629,0.91,100,629,True,0.38627493055555556,39,"(0.6, 0.4)",0.0,4,0.8,6,5
630,0.91,100,630,True,0.32513790625,31,"(0.6, 0.4)",0.0,4,0.8,6,5
631,0.91,100,631,True,0.2774268784722222,26,"(0.6, 0.4)",0.0,4,0.8,6,5
632,0.91,100,632,True,0.3712023541666667,27,"(0.6, 0.4)",0.0,4,0.8,6,5
633,0.91,100,633,True,0.2751847534722222,27,"(0.6, 0.4)",0.0,4,0.8,6,5
634,0.91,100,634,True,0.40390370833333333,23,"(0.6, 0.4)",0.0,4,0.8,6,5
635,0.91,100,635,True,0.3957985590277778,30,"(0.6, 0.4)",0.0,4,0.8,6,5
636,0.91,100,636,True,0.4354437916666667,28,"(0.6, 0.4)",0.0,4,0.8,6,5
637,0.91,100,637,True,0.32805291319444446,31,"(0.6, 0.4)",0.0,4,0.8,6,5
638,0.91,100,638,True,0.39810664930555556,34,"(0.6, 0.4)",0.0,4,0.8,6,5
639,0.91,100,639,True,0.3582731875,22,"(0.6, 0.4)",0.0,4,0.8,6,5
640,0.92,65,640,True,0.4380429023260156,28,"(0.6, 0.4)",0.0,4,0.8,6,5
641,0.92,65,641,False,0.282680422798766,32,"(0.6, 0.4)",0.0,4,0.8,6,5
642,0.92,65,642,True,0.3451705122369665,26,"(0.6, 0.4)",0.0,4,0.8,6,5
643,0.92,65,643,True,0.4919399219604044,23,"(0.6, 0.4)",0.0,4,0.8,6,5
644,0.92,65,644,True,0.46101029375722136,23,"(0.6, 0.4)",0.0,4,0.8,6,5
645,0.92,65,645,True,0.22866031379231197,27,"(0.6, 0.4)",0.0,4,0.8,6,5
646,0.92,65,646,True,0.4355225268334053,25,"(0.6, 0.4)",0.0,4,0.8,6,5
647,0.92,65,647,True,0.34664789592645756,25,"(0.6, 0.4)",0.0,4,0.8,6,5
648,0.92,65,648,False,0.1797698882314267,22,"(0.6, 0.4)",0.0,4,0.8,6,5
649,0.92,65,649,True,0.3599875899147633,37,"(0.6, 0.4)",0.0,4,0.8,6,5
650,0.92,65,650,True,0.3231758925341083,27,"(0.6, 0.4)",0.0,4,0.8,6,5
651,0.92,65,651,True,0.5301900804904901,23,"(0.6, 0.4)",0.0,4,0.8,6,5
652,0.92,65,652,True,0.4080769425284673,27,"(0.6, 0.4)",0.0,4,0.8,6,5
653,0.92,65,653,True,0.4804809588833257,25,"(0.6, 0.4)",0.0,4,0.8,6,5
654,0.92,65,654,True,0.5110578138798438,28,"(0.6, 0.4)",0.0,4,0.8,6,5
655,0.92,65,655,True,0.4068359534563449,31,"(0.6, 0.4)",0.0,4,0.8,6,5
656,0.92,65,656,True,0.5233694937541091,35,"(0.6, 0.4)",0.0,4,0.8,6,5
657,0.92,65,657,True,0.4549353819699746,25,"(0.6, 0.4)",0.0,4,0.8,6,5
658,0.92,65,658,True,0.29491451046298567,21,"(0.6, 0.4)",0.0,4,0.8,6,5
659,0.92,65,659,True,0.3217636715178818,22,"(0.6, 0.4)",0.0,4,0.8,6,5
660,0.92,70,660,True,0.21222495545837383,23,"(0.6, 0.4)",0.0,4,0.8,6,5
661,0.92,70,661,False,0.20726776169651534,30,"(0.6, 0.4)",0.0,4,0.8,6,5
662,0.92,70,662,True,0.42576163288444635,24,"(0.6, 0.4)",0.0,4,0.8,6,5
663,0.92,70,663,True,0.49144216530149476,25,"(0.6, 0.4)",0.0,4,0.8,6,5
664,0.92,70,664,True,0.3516371361469758,27,"(0.6, 0.4)",0.0,4,0.8,6,5
665,0.92,70,665,True,0.40745433037160445,25,"(0.6, 0.4)",0.0,4,0.8,6,5
666,0.92,70,666,True,0.43566852931648853,35,"(0.6, 0.4)",0.0,4,0.8,6,5
667,0.92,70,667,True,0.2931920149011986,20,"(0.6, 0.4)",0.0,4,0.8,6,5
668,0.92,70,668,True,0.5166272878198899,31,"(0.6, 0.4)",0.0,4,0.8,6,5
669,0.92,70,669,True,0.4341532318709797,19,"(0.6, 0.4)",0.0,4,0.8,6,5
670,0.92,70,670,True,0.4822516515109445,24,"(0.6, 0.4)",0.0,4,0.8,6,5
671,0.92,70,671,True,0.4089883700078671,18,"(0.6, 0.4)",0.0,4,0.8,6,5
672,0.92,70,672,True,0.4784798290064325,28,"(0.6, 0.4)",0.0,4,0.8,6,5
673,0.92,70,673,True,0.3744932811559998,23,"(0.6, 0.4)",0.0,4,0.8,6,5
674,0.92,70,674,True,0.5019768238928225,29,"(0.6, 0.4)",0.0,4,0.8,6,5
675,0.92,70,675,True,0.42881619059188303,22,"(0.6, 0.4)",0.0,4,0.8,6,5
676,0.92,70,676,True,0.46306521588227134,28,"(0.6, 0.4)",0.0,4,0.8,6,5
677,0.92,70,677,False,0.2529662843028368,26,"(0.6, 0.4)",0.0,4,0.8,6,5
678,0.92,70,678,True,0.5158011129621917,22,"(0.6, 0.4)",0.0,4,0.8,6,5
679,0.92,70,679,True,0.45491764137627844,31,"(0.6, 0.4)",0.0,4,0.8,6,5
680,0.92,75,680,False,0.2693500356652949,26,"(0.6, 0.4)",0.0,4,0.8,6,5
681,0.92,75,681,True,0.403659072702332,25,"(0.6, 0.4)",0.0,4,0.8,6,5
682,0.92,75,682,True,0.4910354128943759,28,"(0.6, 0.4)",0.0,4,0.8,6,5
683,0.92,75,683,True,0.2769300411522634,29,"(0.6, 0.4)",0.0,4,0.8,6,5
684,0.92,75,684,True,0.4223228751714678,34,"(0.6, 0.4)",0.0,4,0.8,6,5
685,0.92,75,685,True,0.21913404663923183,31,"(0.6, 0.4)",0.0,4,0.8,6,5
686,0.92,75,686,True,0.4847145459533608,28,"(0.6, 0.4)",0.0,4,0.8,6,5
687,0.92,75,687,True,0.3679298875171468,25,"(0.6, 0.4)",0.0,4,0.8,6,5
688,0.92,75,688,True,0.4959316323731139,29,"(0.6, 0.4)",0.0,4,0.8,6,5
689,0.92,75,689,True,0.20608527846364885,28,"(0.6, 0.4)",0.0,4,0.8,6,5
690,0.92,75,690,True,0.2949831440329218,21,"(0.6, 0.4)",0.0,4,0.8,6,5
691,0.92,75,691,True,0.2375461289437586,28,"(0.6, 0.4)",0.0,4,0.8,6,5
692,0.92,75,692,True,0.2791459314128944,29,"(0.6, 0.4)",0.0,4,0.8,6,5
693,0.92,75,693,True,0.2996362249657064,22,"(0.6, 0.4)",0.0,4,0.8,6,5
694,0.92,75,694,True,0.29080403840877916,21,"(0.6, 0.4)",0.0,4,0.8,6,5
695,0.92,75,695,True,0.5140530919067215,23,"(0.6, 0.4)",0.0,4,0.8,6,5
696,0.92,75,696,True,0.44581909465020575,31,"(0.6, 0.4)",0.0,4,0.8,6,5
697,0.92,75,697,False,0.23157030452674898,25,"(0.6, 0.4)",0.0,4,0.8,6,5
698,0.92,75,698,True,0.266497975308642,24,"(0.6, 0.4)",0.0,4,0.8,6,5
699,0.92,75,699,True,0.42787089163237313,22,"(0.6, 0.4)",0.0,4,0.8,6,5
700,0.92,80,700,True,0.4467637803819444,33,"(0.6, 0.4)",0.0,4,0.8,6,5
701,0.92,80,701,True,0.27011548360188803,27,"(0.6, 0.4)",0.0,4,0.8,6,5
702,0.92,80,702,True,0.40116348266601565,32,"(0.6, 0.4)",0.0,4,0.8,6,5
703,0.92,80,703,True,0.4547231716579861,25,"(0.6, 0.4)",0.0,4,0.8,6,5
704,0.92,80,704,True,0.48613618638780387,30,"(0.6, 0.4)",0.0,4,0.8,6,5
705,0.92,80,705,True,0.49851400587293837,26,"(0.6, 0.4)",0.0,4,0.8,6,5
706,0.92,80,706,True,0.48252347310384114,29,"(0.6, 0.4)",0.0,4,0.8,6,5
707,0.92,80,707,True,0.33129173278808594,39,"(0.6, 0.4)",0.0,4,0.8,6,5
708,0.92,80,708,False,0.2864176686604818,26,"(0.6, 0.4)",0.0,4,0.8,6,5
709,0.92,80,709,True,0.3717938232421875,30,"(0.6, 0.4)",0.0,4,0.8,6,5
710,0.92,80,710,True,0.3499066077338325,34,"(0.6, 0.4)",0.0,4,0.8,6,5
711,0.92,80,711,True,0.43437256707085503,26,"(0.6, 0.4)",0.0,4,0.8,6,5
712,0.92,80,712,True,0.5024029710557726,29,"(0.6, 0.4)",0.0,4,0.8,6,5
713,0.92,80,713,True,0.3355882771809896,23,"(0.6, 0.4)",0.0,4,0.8,6,5
714,0.92,80,714,True,0.2996312204996745,36,"(0.6, 0.4)",0.0,4,0.8,6,5
715,0.92,80,715,True,0.5070520358615451,30,"(0.6, 0.4)",0.0,4,0.8,6,5
716,0.92,80,716,True,0.3026990000406901,31,"(0.6, 0.4)",0.0,4,0.8,6,5
717,0.92,80,717,True,0.46688710530598954,22,"(0.6, 0.4)",0.0,4,0.8,6,5
718,0.92,80,718,True,0.41380736456976996,27,"(0.6, 0.4)",0.0,4,0.8,6,5
719,0.92,80,719,True,0.48971149020724825,28,"(0.6, 0.4)",0.0,4,0.8,6,5
720,0.92,85,720,True,0.4613619129719871,25,"(0.6, 0.4)",0.0,4,0.8,6,5
721,0.92,85,721,True,0.36031048079724465,26,"(0.6, 0.4)",0.0,4,0.8,6,5
722,0.92,85,722,True,0.4827423908025793,25,"(0.6, 0.4)",0.0,4,0.8,6,5
723,0.92,85,723,True,0.502902457000169,29,"(0.6, 0.4)",0.0,4,0.8,6,5
724,0.92,85,724,False,0.2062280544214429,24,"(0.6, 0.4)",0.0,4,0.8,6,5
725,0.92,85,725,True,0.36077796136434087,28,"(0.6, 0.4)",0.0,4,0.8,6,5
726,0.92,85,726,True,0.4482367840955502,24,"(0.6, 0.4)",0.0,4,0.8,6,5
727,0.92,85,727,True,0.44986288212279285,34,"(0.6, 0.4)",0.0,4,0.8,6,5
728,0.92,85,728,True,0.4068467610940163,38,"(0.6, 0.4)",0.0,4,0.8,6,5
729,0.92,85,729,True,0.49114727633369654,28,"(0.6, 0.4)",0.0,4,0.8,6,5
730,0.92,85,730,True,0.47547992587359933,36,"(0.6, 0.4)",0.0,4,0.8,6,5
731,0.92,85,731,True,0.5544767915986532,35,"(0.6, 0.4)",0.0,4,0.8,6,5
732,0.92,85,732,True,0.17122806107313,24,"(0.6, 0.4)",0.0,4,0.8,6,5
733,0.92,85,733,True,0.44235688562690156,22,"(0.6, 0.4)",0.0,4,0.8,6,5
734,0.92,85,734,True,0.31141583819904245,28,"(0.6, 0.4)",0.0,4,0.8,6,5
735,0.92,85,735,True,0.31719465097932786,25,"(0.6, 0.4)",0.0,4,0.8,6,5
736,0.92,85,736,True,0.47443042268810637,23,"(0.6, 0.4)",0.0,4,0.8,6,5
737,0.92,85,737,True,0.3107670991593598,23,"(0.6, 0.4)",0.0,4,0.8,6,5
738,0.92,85,738,True,0.49435804568112607,25,"(0.6, 0.4)",0.0,4,0.8,6,5
739,0.92,85,739,True,0.23485420832285692,36,"(0.6, 0.4)",0.0,4,0.8,6,5
740,0.92,90,740,True,0.39993595890700945,27,"(0.6, 0.4)",0.0,4,0.8,6,5
741,0.92,90,741,True,0.4861628530965808,26,"(0.6, 0.4)",0.0,4,0.8,6,5
742,0.92,90,742,True,0.37716961760571727,31,"(0.6, 0.4)",0.0,4,0.8,6,5
743,0.92,90,743,True,0.32174501790885535,40,"(0.6, 0.4)",0.0,4,0.8,6,5
744,0.92,90,744,True,0.21661579260444713,27,"(0.6, 0.4)",0.0,4,0.8,6,5
745,0.92,90,745,True,0.5044057371843722,39,"(0.6, 0.4)",0.0,4,0.8,6,5
746,0.92,90,746,True,0.4459255237175905,22,"(0.6, 0.4)",0.0,4,0.8,6,5
747,0.92,90,747,True,0.4093758097088858,32,"(0.6, 0.4)",0.0,4,0.8,6,5
748,0.92,90,748,True,0.4869180362918932,31,"(0.6, 0.4)",0.0,4,0.8,6,5
749,0.92,90,749,True,0.41266461434571283,29,"(0.6, 0.4)",0.0,4,0.8,6,5
750,0.92,90,750,True,0.28929553210045894,37,"(0.6, 0.4)",0.0,4,0.8,6,5
751,0.92,90,751,True,0.3769311133550102,33,"(0.6, 0.4)",0.0,4,0.8,6,5
752,0.92,90,752,True,0.49372974669342407,32,"(0.6, 0.4)",0.0,4,0.8,6,5
753,0.92,90,753,True,0.4164785866399092,32,"(0.6, 0.4)",0.0,4,0.8,6,5
754,0.92,90,754,True,0.4187927399278565,24,"(0.6, 0.4)",0.0,4,0.8,6,5
755,0.92,90,755,True,0.3124588001066911,21,"(0.6, 0.4)",0.0,4,0.8,6,5
756,0.92,90,756,True,0.49062719626920015,18,"(0.6, 0.4)",0.0,4,0.8,6,5
757,0.92,90,757,True,0.4959600977577943,29,"(0.6, 0.4)",0.0,4,0.8,6,5
758,0.92,90,758,True,0.508676274153669,33,"(0.6, 0.4)",0.0,4,0.8,6,5
759,0.92,90,759,True,0.525886128469576,26,"(0.6, 0.4)",0.0,4,0.8,6,5
760,0.92,95,760,True,0.3357461405128704,35,"(0.6, 0.4)",0.0,4,0.8,6,5
761,0.92,95,761,True,0.40831242342625773,29,"(0.6, 0.4)",0.0,4,0.8,6,5
762,0.92,95,762,False,0.16572339752525603,23,"(0.6, 0.4)",0.0,4,0.8,6,5
763,0.92,95,763,True,0.4738905685022197,36,"(0.6, 0.4)",0.0,4,0.8,6,5
764,0.92,95,764,True,0.49216973217414434,33,"(0.6, 0.4)",0.0,4,0.8,6,5
765,0.92,95,765,True,0.4040798916180474,30,"(0.6, 0.4)",0.0,4,0.8,6,5
766,0.92,95,766,True,0.4259163228574912,25,"(0.6, 0.4)",0.0,4,0.8,6,5
767,0.92,95,767,True,0.4976884555998053,30,"(0.6, 0.4)",0.0,4,0.8,6,5
768,0.92,95,768,False,0.1639867967045475,23,"(0.6, 0.4)",0.0,4,0.8,6,5
769,0.92,95,769,True,0.39204737617967256,29,"(0.6, 0.4)",0.0,4,0.8,6,5
770,0.92,95,770,True,0.42472171279635157,29,"(0.6, 0.4)",0.0,4,0.8,6,5
771,0.92,95,771,True,0.37977287279529437,23,"(0.6, 0.4)",0.0,4,0.8,6,5
772,0.92,95,772,True,0.4630146927799647,29,"(0.6, 0.4)",0.0,4,0.8,6,5
773,0.92,95,773,True,0.43556561618362866,31,"(0.6, 0.4)",0.0,4,0.8,6,5
774,0.92,95,774,True,0.32387572054985597,29,"(0.6, 0.4)",0.0,4,0.8,6,5
775,0.92,95,775,True,0.3939902198758792,32,"(0.6, 0.4)",0.0,4,0.8,6,5
776,0.92,95,776,True,0.4379396387893484,31,"(0.6, 0.4)",0.0,4,0.8,6,5
777,0.92,95,777,True,0.44553625279118486,27,"(0.6, 0.4)",0.0,4,0.8,6,5
778,0.92,95,778,True,0.4524788236567996,27,"(0.6, 0.4)",0.0,4,0.8,6,5
779,0.92,95,779,True,0.39355302164143413,23,"(0.6, 0.4)",0.0,4,0.8,6,5
780,0.92,100,780,True,0.46970468055555553,30,"(0.6, 0.4)",0.0,4,0.8,6,5
781,0.92,100,781,True,0.31894058333333336,28,"(0.6, 0.4)",0.0,4,0.8,6,5
782,0.92,100,782,True,0.46109106597222216,25,"(0.6, 0.4)",0.0,4,0.8,6,5
783,0.92,100,783,True,0.46008303472222223,21,"(0.6, 0.4)",0.0,4,0.8,6,5
784,0.92,100,784,True,0.3927612847222222,32,"(0.6, 0.4)",0.0,4,0.8,6,5
785,0.92,100,785,True,0.31071765277777774,35,"(0.6, 0.4)",0.0,4,0.8,6,5
786,0.92,100,786,True,0.2202825277777778,31,"(0.6, 0.4)",0.0,4,0.8,6,5
787,0.92,100,787,False,0.14477735416666665,27,"(0.6, 0.4)",0.0,4,0.8,6,5
788,0.92,100,788,True,0.5137781631944445,31,"(0.6, 0.4)",0.0,4,0.8,6,5
789,0.92,100,789,True,0.42936674652777773,29,"(0.6, 0.4)",0.0,4,0.8,6,5
790,0.92,100,790,True,0.22599637847222223,36,"(0.6, 0.4)",0.0,4,0.8,6,5
791,0.92,100,791,True,0.3882250902777778,31,"(0.6, 0.4)",0.0,4,0.8,6,5
792,0.92,100,792,True,0.1856823333333333,30,"(0.6, 0.4)",0.0,4,0.8,6,5
793,0.92,100,793,True,0.37359242708333334,32,"(0.6, 0.4)",0.0,4,0.8,6,5
794,0.92,100,794,True,0.2527945104166667,29,"(0.6, 0.4)",0.0,4,0.8,6,5
795,0.92,100,795,True,0.40700571527777774,31,"(0.6, 0.4)",0.0,4,0.8,6,5
796,0.92,100,796,True,0.3601338888888889,27,"(0.6, 0.4)",0.0,4,0.8,6,5
797,0.92,100,797,True,0.3353976770833333,40,"(0.6, 0.4)",0.0,4,0.8,6,5
798,0.92,100,798,True,0.36518630555555553,31,"(0.6, 0.4)",0.0,4,0.8,6,5
799,0.92,100,799,True,0.45183029166666666,25,"(0.6, 0.4)",0.0,4,0.8,6,5
800,0.93,65,800,True,0.3312585538165875,24,"(0.6, 0.4)",0.0,4,0.8,6,5
801,0.93,65,801,True,0.43728520632252993,25,"(0.6, 0.4)",0.0,4,0.8,6,5
802,0.93,65,802,True,0.41182188998984626,28,"(0.6, 0.4)",0.0,4,0.8,6,5
803,0.93,65,803,True,0.4241191173667277,22,"(0.6, 0.4)",0.0,4,0.8,6,5
804,0.93,65,804,True,0.6085178117790772,29,"(0.6, 0.4)",0.0,4,0.8,6,5
805,0.93,65,805,True,0.24965621340678235,21,"(0.6, 0.4)",0.0,4,0.8,6,5
806,0.93,65,806,False,0.3093147999019642,27,"(0.6, 0.4)",0.0,4,0.8,6,5
807,0.93,65,807,True,0.41480099125069536,25,"(0.6, 0.4)",0.0,4,0.8,6,5
808,0.93,65,808,False,0.21456842858754557,25,"(0.6, 0.4)",0.0,4,0.8,6,5
809,0.93,65,809,True,0.44455631027547277,32,"(0.6, 0.4)",0.0,4,0.8,6,5
810,0.93,65,810,True,0.552345350497376,28,"(0.6, 0.4)",0.0,4,0.8,6,5
811,0.93,65,811,True,0.4787973888246988,30,"(0.6, 0.4)",0.0,4,0.8,6,5
812,0.93,65,812,True,0.39184947227960426,26,"(0.6, 0.4)",0.0,4,0.8,6,5
813,0.93,65,813,True,0.40787558014230746,31,"(0.6, 0.4)",0.0,4,0.8,6,5
814,0.93,65,814,True,0.2913295325015853,22,"(0.6, 0.4)",0.0,4,0.8,6,5
815,0.93,65,815,True,0.5192717730860653,28,"(0.6, 0.4)",0.0,4,0.8,6,5
816,0.93,65,816,True,0.5504324661834903,37,"(0.6, 0.4)",0.0,4,0.8,6,5
817,0.93,65,817,False,0.221334862224712,31,"(0.6, 0.4)",0.0,4,0.8,6,5
818,0.93,65,818,True,0.46084921551922003,37,"(0.6, 0.4)",0.0,4,0.8,6,5
819,0.93,65,819,True,0.4732410163042844,23,"(0.6, 0.4)",0.0,4,0.8,6,5
820,0.93,70,820,True,0.5110304589522884,29,"(0.6, 0.4)",0.0,4,0.8,6,5
821,0.93,70,821,True,0.2955316650469712,35,"(0.6, 0.4)",0.0,4,0.8,6,5
822,0.93,70,822,True,0.4143495476421861,30,"(0.6, 0.4)",0.0,4,0.8,6,5
823,0.93,70,823,True,0.45168438208616785,31,"(0.6, 0.4)",0.0,4,0.8,6,5
824,0.93,70,824,False,0.13924941575269564,27,"(0.6, 0.4)",0.0,4,0.8,6,5
825,0.93,70,825,True,0.5428874832245824,32,"(0.6, 0.4)",0.0,4,0.8,6,5
826,0.93,70,826,True,0.43011350883890975,20,"(0.6, 0.4)",0.0,4,0.8,6,5
827,0.93,70,827,True,0.4555301176593087,24,"(0.6, 0.4)",0.0,4,0.8,6,5
828,0.93,70,828,True,0.5147003129483086,32,"(0.6, 0.4)",0.0,4,0.8,6,5
829,0.93,70,829,True,0.48085382537368687,34,"(0.6, 0.4)",0.0,4,0.8,6,5
830,0.93,70,830,True,0.35022155120551623,30,"(0.6, 0.4)",0.0,4,0.8,6,5
831,0.93,70,831,True,0.4555073696145125,31,"(0.6, 0.4)",0.0,4,0.8,6,5
832,0.93,70,832,True,0.327556110879726,32,"(0.6, 0.4)",0.0,4,0.8,6,5
833,0.93,70,833,True,0.48964788976815216,33,"(0.6, 0.4)",0.0,4,0.8,6,5
834,0.93,70,834,False,0.21106988118376602,22,"(0.6, 0.4)",0.0,4,0.8,6,5
835,0.93,70,835,True,0.4133462041279097,24,"(0.6, 0.4)",0.0,4,0.8,6,5
836,0.93,70,836,True,0.26261330637697256,29,"(0.6, 0.4)",0.0,4,0.8,6,5
837,0.93,70,837,True,0.4065512778240548,20,"(0.6, 0.4)",0.0,4,0.8,6,5
838,0.93,70,838,True,0.29514892521634506,32,"(0.6, 0.4)",0.0,4,0.8,6,5
839,0.93,70,839,True,0.4421959889397936,23,"(0.6, 0.4)",0.0,4,0.8,6,5
840,0.93,75,840,True,0.33973555006858713,34,"(0.6, 0.4)",0.0,4,0.8,6,5
841,0.93,75,841,True,0.40739127572016465,23,"(0.6, 0.4)",0.0,4,0.8,6,5
842,0.93,75,842,True,0.23645345404663926,33,"(0.6, 0.4)",0.0,4,0.8,6,5
843,0.93,75,843,True,0.40869231275720164,33,"(0.6, 0.4)",0.0,4,0.8,6,5
844,0.93,75,844,True,0.5229945130315501,33,"(0.6, 0.4)",0.0,4,0.8,6,5
845,0.93,75,845,True,0.4818339204389575,22,"(0.6, 0.4)",0.0,4,0.8,6,5
846,0.93,75,846,True,0.35987682853223596,32,"(0.6, 0.4)",0.0,4,0.8,6,5
847,0.93,75,847,True,0.4329356488340192,31,"(0.6, 0.4)",0.0,4,0.8,6,5
848,0.93,75,848,True,0.4569723347050755,29,"(0.6, 0.4)",0.0,4,0.8,6,5
849,0.93,75,849,True,0.4769033744855967,25,"(0.6, 0.4)",0.0,4,0.8,6,5
850,0.93,75,850,True,0.49493286145404664,30,"(0.6, 0.4)",0.0,4,0.8,6,5
851,0.93,75,851,True,0.266812828532236,30,"(0.6, 0.4)",0.0,4,0.8,6,5
852,0.93,75,852,True,0.35061413443072703,29,"(0.6, 0.4)",0.0,4,0.8,6,5
853,0.93,75,853,True,0.3353308203017833,30,"(0.6, 0.4)",0.0,4,0.8,6,5
854,0.93,75,854,True,0.39564395061728397,32,"(0.6, 0.4)",0.0,4,0.8,6,5
855,0.93,75,855,True,0.26934686419753084,24,"(0.6, 0.4)",0.0,4,0.8,6,5
856,0.93,75,856,True,0.5104692235939644,31,"(0.6, 0.4)",0.0,4,0.8,6,5
857,0.93,75,857,True,0.342570853223594,33,"(0.6, 0.4)",0.0,4,0.8,6,5
858,0.93,75,858,True,0.2534527736625515,27,"(0.6, 0.4)",0.0,4,0.8,6,5
859,0.93,75,859,True,0.5333764718792867,35,"(0.6, 0.4)",0.0,4,0.8,6,5
860,0.93,80,860,True,0.2307810550265842,36,"(0.6, 0.4)",0.0,4,0.8,6,5
861,0.93,80,861,True,0.4788501739501953,25,"(0.6, 0.4)",0.0,4,0.8,6,5
862,0.93,80,862,True,0.418197258843316,21,"(0.6, 0.4)",0.0,4,0.8,6,5
863,0.93,80,863,True,0.225382325914171,36,"(0.6, 0.4)",0.0,4,0.8,6,5
864,0.93,80,864,True,0.42752763536241317,27,"(0.6, 0.4)",0.0,4,0.8,6,5
865,0.93,80,865,True,0.3623028310139974,36,"(0.6, 0.4)",0.0,4,0.8,6,5
866,0.93,80,866,True,0.49558238559299045,37,"(0.6, 0.4)",0.0,4,0.8,6,5
867,0.93,80,867,True,0.5090947723388671,31,"(0.6, 0.4)",0.0,4,0.8,6,5
868,0.93,80,868,True,0.46419857449001733,31,"(0.6, 0.4)",0.0,4,0.8,6,5
869,0.93,80,869,True,0.5065967644585504,30,"(0.6, 0.4)",0.0,4,0.8,6,5
870,0.93,80,870,True,0.43232509189181856,33,"(0.6, 0.4)",0.0,4,0.8,6,5
871,0.93,80,871,True,0.5144119771321615,33,"(0.6, 0.4)",0.0,4,0.8,6,5
872,0.93,80,872,True,0.40343795776367186,31,"(0.6, 0.4)",0.0,4,0.8,6,5
873,0.93,80,873,True,0.24830802917480468,26,"(0.6, 0.4)",0.0,4,0.8,6,5
874,0.93,80,874,False,0.22170772976345487,38,"(0.6, 0.4)",0.0,4,0.8,6,5
875,0.93,80,875,True,0.6185918935139973,33,"(0.6, 0.4)",0.0,4,0.8,6,5
876,0.93,80,876,True,0.4895633273654514,24,"(0.6, 0.4)",0.0,4,0.8,6,5
877,0.93,80,877,True,0.4629465654161241,27,"(0.6, 0.4)",0.0,4,0.8,6,5
878,0.93,80,878,True,0.44431454976399737,25,"(0.6, 0.4)",0.0,4,0.8,6,5
879,0.93,80,879,True,0.39359282599555123,35,"(0.6, 0.4)",0.0,4,0.8,6,5
880,0.93,85,880,True,0.4796634645445124,31,"(0.6, 0.4)",0.0,4,0.8,6,5
881,0.93,85,881,True,0.5447629006144828,38,"(0.6, 0.4)",0.0,4,0.8,6,5
882,0.93,85,882,True,0.3507967191218709,20,"(0.6, 0.4)",0.0,4,0.8,6,5
883,0.93,85,883,True,0.5133897662464131,32,"(0.6, 0.4)",0.0,4,0.8,6,5
884,0.93,85,884,True,0.42487926522803976,28,"(0.6, 0.4)",0.0,4,0.8,6,5
885,0.93,85,885,True,0.4492281315810129,26,"(0.6, 0.4)",0.0,4,0.8,6,5
886,0.93,85,886,True,0.2890290399353988,33,"(0.6, 0.4)",0.0,4,0.8,6,5
887,0.93,85,887,True,0.3413892979676435,33,"(0.6, 0.4)",0.0,4,0.8,6,5
888,0.93,85,888,True,0.18114083750061527,32,"(0.6, 0.4)",0.0,4,0.8,6,5
889,0.93,85,889,True,0.2274662061038541,32,"(0.6, 0.4)",0.0,4,0.8,6,5
890,0.93,85,890,True,0.4531113665358945,39,"(0.6, 0.4)",0.0,4,0.8,6,5
891,0.93,85,891,True,0.29484104463415056,29,"(0.6, 0.4)",0.0,4,0.8,6,5
892,0.93,85,892,True,0.3151499955433697,28,"(0.6, 0.4)",0.0,4,0.8,6,5
893,0.93,85,893,True,0.5009309967287003,27,"(0.6, 0.4)",0.0,4,0.8,6,5
894,0.93,85,894,True,0.2657004559066316,32,"(0.6, 0.4)",0.0,4,0.8,6,5
895,0.93,85,895,True,0.391319455253436,24,"(0.6, 0.4)",0.0,4,0.8,6,5
896,0.93,85,896,True,0.48380634810406964,29,"(0.6, 0.4)",0.0,4,0.8,6,5
897,0.93,85,897,True,0.31335727940677593,24,"(0.6, 0.4)",0.0,4,0.8,6,5
898,0.93,85,898,True,0.4974163317542228,26,"(0.6, 0.4)",0.0,4,0.8,6,5
899,0.93,85,899,True,0.5108969866527248,39,"(0.6, 0.4)",0.0,4,0.8,6,5
900,0.93,90,900,False,0.20725008573388204,32,"(0.6, 0.4)",0.0,4,0.8,6,5
901,0.93,90,901,True,0.48307805276126603,29,"(0.6, 0.4)",0.0,4,0.8,6,5
902,0.93,90,902,True,0.2711960617453301,29,"(0.6, 0.4)",0.0,4,0.8,6,5
903,0.93,90,903,True,0.4903401147775576,22,"(0.6, 0.4)",0.0,4,0.8,6,5
904,0.93,90,904,True,0.47899977137631455,33,"(0.6, 0.4)",0.0,4,0.8,6,5
905,0.93,90,905,True,0.3933231405273586,31,"(0.6, 0.4)",0.0,4,0.8,6,5
906,0.93,90,906,True,0.4830558413351623,29,"(0.6, 0.4)",0.0,4,0.8,6,5
907,0.93,90,907,True,0.2553726513150096,30,"(0.6, 0.4)",0.0,4,0.8,6,5
908,0.93,90,908,True,0.47335079764263577,30,"(0.6, 0.4)",0.0,4,0.8,6,5
909,0.93,90,909,False,0.27631947090551917,40,"(0.6, 0.4)",0.0,4,0.8,6,5
910,0.93,90,910,True,0.32480931091127707,40,"(0.6, 0.4)",0.0,4,0.8,6,5
911,0.93,90,911,True,0.4162495131162255,27,"(0.6, 0.4)",0.0,4,0.8,6,5
912,0.93,90,912,True,0.48855699821334825,32,"(0.6, 0.4)",0.0,4,0.8,6,5
913,0.93,90,913,True,0.43366314416840246,34,"(0.6, 0.4)",0.0,4,0.8,6,5
914,0.93,90,914,True,0.3565203422157868,25,"(0.6, 0.4)",0.0,4,0.8,6,5
915,0.93,90,915,True,0.31215510635235144,27,"(0.6, 0.4)",0.0,4,0.8,6,5
916,0.93,90,916,True,0.3994082456942539,32,"(0.6, 0.4)",0.0,4,0.8,6,5
917,0.93,90,917,True,0.4462578166014665,35,"(0.6, 0.4)",0.0,4,0.8,6,5
918,0.93,90,918,True,0.48291656082236784,29,"(0.6, 0.4)",0.0,4,0.8,6,5
919,0.93,90,919,True,0.42594964563328763,29,"(0.6, 0.4)",0.0,4,0.8,6,5
920,0.93,95,920,True,0.5216902707758364,37,"(0.6, 0.4)",0.0,4,0.8,6,5
921,0.93,95,921,True,0.2503912518575927,33,"(0.6, 0.4)",0.0,4,0.8,6,5
922,0.93,95,922,True,0.4315611068055033,34,"(0.6, 0.4)",0.0,4,0.8,6,5
923,0.93,95,923,True,0.5328104577671033,35,"(0.6, 0.4)",0.0,4,0.8,6,5
924,0.93,95,924,True,0.41004360173895404,38,"(0.6, 0.4)",0.0,4,0.8,6,5
925,0.93,95,925,True,0.5130838510720112,35,"(0.6, 0.4)",0.0,4,0.8,6,5
926,0.93,95,926,True,0.4309908525018139,29,"(0.6, 0.4)",0.0,4,0.8,6,5
927,0.93,95,927,True,0.46814956914081385,35,"(0.6, 0.4)",0.0,4,0.8,6,5
928,0.93,95,928,True,0.3815792500398589,29,"(0.6, 0.4)",0.0,4,0.8,6,5
929,0.93,95,929,True,0.44053514867988364,30,"(0.6, 0.4)",0.0,4,0.8,6,5
930,0.93,95,930,True,0.44915255407800736,24,"(0.6, 0.4)",0.0,4,0.8,6,5
931,0.93,95,931,True,0.4569356605782815,38,"(0.6, 0.4)",0.0,4,0.8,6,5
932,0.93,95,932,True,0.35282740736761964,33,"(0.6, 0.4)",0.0,4,0.8,6,5
933,0.93,95,933,True,0.24696460193590358,29,"(0.6, 0.4)",0.0,4,0.8,6,5
934,0.93,95,934,True,0.26627544464992,39,"(0.6, 0.4)",0.0,4,0.8,6,5
935,0.93,95,935,True,0.46069434106722806,27,"(0.6, 0.4)",0.0,4,0.8,6,5
936,0.93,95,936,True,0.4603647318714729,30,"(0.6, 0.4)",0.0,4,0.8,6,5
937,0.93,95,937,True,0.325496833033646,30,"(0.6, 0.4)",0.0,4,0.8,6,5
938,0.93,95,938,True,0.4444632953331475,23,"(0.6, 0.4)",0.0,4,0.8,6,5
939,0.93,95,939,True,0.3763021095772916,30,"(0.6, 0.4)",0.0,4,0.8,6,5
940,0.93,100,940,False,0.24740960416666666,36,"(0.6, 0.4)",0.0,4,0.8,6,5
941,0.93,100,941,True,0.5204247638888888,35,"(0.6, 0.4)",0.0,4,0.8,6,5
942,0.93,100,942,True,0.48713502777777773,32,"(0.6, 0.4)",0.0,4,0.8,6,5
943,0.93,100,943,True,0.4853771111111111,38,"(0.6, 0.4)",0.0,4,0.8,6,5
944,0.93,100,944,True,0.4585517604166667,35,"(0.6, 0.4)",0.0,4,0.8,6,5
945,0.93,100,945,True,0.3703375208333333,20,"(0.6, 0.4)",0.0,4,0.8,6,5
946,0.93,100,946,True,0.4750875451388889,29,"(0.6, 0.4)",0.0,4,0.8,6,5
947,0.93,100,947,True,0.35613838194444447,29,"(0.6, 0.4)",0.0,4,0.8,6,5
948,0.93,100,948,True,0.28036599652777777,31,"(0.6, 0.4)",0.0,4,0.8,6,5
949,0.93,100,949,True,0.3723972048611111,36,"(0.6, 0.4)",0.0,4,0.8,6,5
950,0.93,100,950,True,0.47270360069444445,32,"(0.6, 0.4)",0.0,4,0.8,6,5
951,0.93,100,951,True,0.17302338888888888,29,"(0.6, 0.4)",0.0,4,0.8,6,5
952,0.93,100,952,False,0.14893438541666665,30,"(0.6, 0.4)",0.0,4,0.8,6,5
953,0.93,100,953,True,0.37007010763888887,23,"(0.6, 0.4)",0.0,4,0.8,6,5
954,0.93,100,954,True,0.4180258055555556,26,"(0.6, 0.4)",0.0,4,0.8,6,5
955,0.93,100,955,True,0.4827304236111111,36,"(0.6, 0.4)",0.0,4,0.8,6,5
956,0.93,100,956,True,0.4100938958333333,37,"(0.6, 0.4)",0.0,4,0.8,6,5
957,0.93,100,957,True,0.4826277083333333,34,"(0.6, 0.4)",0.0,4,0.8,6,5
958,0.93,100,958,True,0.33538846875,29,"(0.6, 0.4)",0.0,4,0.8,6,5
959,0.93,100,959,True,0.46751968402777777,34,"(0.6, 0.4)",0.0,4,0.8,6,5
960,0.9400000000000001,65,960,True,0.41740675902259883,29,"(0.6, 0.4)",0.0,4,0.8,6,5
961,0.9400000000000001,65,961,True,0.5485740072904388,27,"(0.6, 0.4)",0.0,4,0.8,6,5
962,0.9400000000000001,65,962,True,0.31455417060560437,27,"(0.6, 0.4)",0.0,4,0.8,6,5
963,0.9400000000000001,65,963,True,0.37513596629436413,20,"(0.6, 0.4)",0.0,4,0.8,6,5
964,0.9400000000000001,65,964,True,0.44295603172935905,33,"(0.6, 0.4)",0.0,4,0.8,6,5
965,0.9400000000000001,65,965,True,0.3925293037514248,31,"(0.6, 0.4)",0.0,4,0.8,6,5
966,0.9400000000000001,65,966,True,0.5094848453018684,26,"(0.6, 0.4)",0.0,4,0.8,6,5
967,0.9400000000000001,65,967,True,0.5267446090045089,26,"(0.6, 0.4)",0.0,4,0.8,6,5
968,0.9400000000000001,65,968,True,0.4330707763889375,30,"(0.6, 0.4)",0.0,4,0.8,6,5
969,0.9400000000000001,65,969,True,0.5110048473248291,30,"(0.6, 0.4)",0.0,4,0.8,6,5
970,0.9400000000000001,65,970,True,0.45549422483650975,29,"(0.6, 0.4)",0.0,4,0.8,6,5
971,0.9400000000000001,65,971,True,0.47934356873592193,25,"(0.6, 0.4)",0.0,4,0.8,6,5
972,0.9400000000000001,65,972,True,0.4446384346953305,29,"(0.6, 0.4)",0.0,4,0.8,6,5
973,0.9400000000000001,65,973,True,0.5614291049566426,35,"(0.6, 0.4)",0.0,4,0.8,6,5
974,0.9400000000000001,65,974,True,0.4024206863282876,33,"(0.6, 0.4)",0.0,4,0.8,6,5
975,0.9400000000000001,65,975,True,0.4108091647895926,27,"(0.6, 0.4)",0.0,4,0.8,6,5
976,0.9400000000000001,65,976,True,0.3277317943271516,30,"(0.6, 0.4)",0.0,4,0.8,6,5
977,0.9400000000000001,65,977,True,0.477957918529152,22,"(0.6, 0.4)",0.0,4,0.8,6,5
978,0.9400000000000001,65,978,True,0.5163515516496855,28,"(0.6, 0.4)",0.0,4,0.8,6,5
979,0.9400000000000001,65,979,True,0.47127967819365174,28,"(0.6, 0.4)",0.0,4,0.8,6,5
980,0.9400000000000001,70,980,True,0.39972693669304454,31,"(0.6, 0.4)",0.0,4,0.8,6,5
981,0.9400000000000001,70,981,True,0.42290905988245636,26,"(0.6, 0.4)",0.0,4,0.8,6,5
982,0.9400000000000001,70,982,True,0.25187686554213523,27,"(0.6, 0.4)",0.0,4,0.8,6,5
983,0.9400000000000001,70,983,True,0.45940687329353513,28,"(0.6, 0.4)",0.0,4,0.8,6,5
984,0.9400000000000001,70,984,True,0.3008782943449489,30,"(0.6, 0.4)",0.0,4,0.8,6,5
985,0.9400000000000001,70,985,True,0.5131183766023416,35,"(0.6, 0.4)",0.0,4,0.8,6,5
986,0.9400000000000001,70,986,True,0.5331516815910038,37,"(0.6, 0.4)",0.0,4,0.8,6,5
987,0.9400000000000001,70,987,True,0.5133510487528345,33,"(0.6, 0.4)",0.0,4,0.8,6,5
988,0.9400000000000001,70,988,True,0.3610830556712481,28,"(0.6, 0.4)",0.0,4,0.8,6,5
989,0.9400000000000001,70,989,True,0.5528033747512611,29,"(0.6, 0.4)",0.0,4,0.8,6,5
990,0.9400000000000001,70,990,True,0.5143518614928965,34,"(0.6, 0.4)",0.0,4,0.8,6,5
991,0.9400000000000001,70,991,True,0.29134330602989494,33,"(0.6, 0.4)",0.0,4,0.8,6,5
992,0.9400000000000001,70,992,True,0.4492201455412097,33,"(0.6, 0.4)",0.0,4,0.8,6,5
993,0.9400000000000001,70,993,True,0.34296473691517426,30,"(0.6, 0.4)",0.0,4,0.8,6,5
994,0.9400000000000001,70,994,True,0.39150437896246937,27,"(0.6, 0.4)",0.0,4,0.8,6,5
995,0.9400000000000001,70,995,True,0.3816378447637559,28,"(0.6, 0.4)",0.0,4,0.8,6,5
996,0.9400000000000001,70,996,True,0.4122523022814568,28,"(0.6, 0.4)",0.0,4,0.8,6,5
997,0.9400000000000001,70,997,True,0.49144588192419825,28,"(0.6, 0.4)",0.0,4,0.8,6,5
998,0.9400000000000001,70,998,True,0.494347667638484,32,"(0.6, 0.4)",0.0,4,0.8,6,5
999,0.9400000000000001,70,999,True,0.5406322886297377,33,"(0.6, 0.4)",0.0,4,0.8,6,5
1000,0.9400000000000001,75,1000,True,0.30421190672153636,27,"(0.6, 0.4)",0.0,4,0.8,6,5
1001,0.9400000000000001,75,1001,True,0.5441223155006859,29,"(0.6, 0.4)",0.0,4,0.8,6,5
1002,0.9400000000000001,75,1002,True,0.4523135473251029,30,"(0.6, 0.4)",0.0,4,0.8,6,5
1003,0.9400000000000001,75,1003,True,0.3413751330589849,29,"(0.6, 0.4)",0.0,4,0.8,6,5
1004,0.9400000000000001,75,1004,True,0.3247432757201646,32,"(0.6, 0.4)",0.0,4,0.8,6,5
1005,0.9400000000000001,75,1005,True,0.4923517695473251,28,"(0.6, 0.4)",0.0,4,0.8,6,5
1006,0.9400000000000001,75,1006,True,0.307081755829904,27,"(0.6, 0.4)",0.0,4,0.8,6,5
1007,0.9400000000000001,75,1007,True,0.43464708916323735,33,"(0.6, 0.4)",0.0,4,0.8,6,5
1008,0.9400000000000001,75,1008,True,0.3228492949245542,30,"(0.6, 0.4)",0.0,4,0.8,6,5
1009,0.9400000000000001,75,1009,True,0.5724540027434842,36,"(0.6, 0.4)",0.0,4,0.8,6,5
1010,0.9400000000000001,75,1010,True,0.5140180192043896,29,"(0.6, 0.4)",0.0,4,0.8,6,5
1011,0.9400000000000001,75,1011,True,0.45803624691358025,33,"(0.6, 0.4)",0.0,4,0.8,6,5
1012,0.9400000000000001,75,1012,True,0.44899471056241425,28,"(0.6, 0.4)",0.0,4,0.8,6,5
1013,0.9400000000000001,75,1013,True,0.48736502606310017,34,"(0.6, 0.4)",0.0,4,0.8,6,5
1014,0.9400000000000001,75,1014,True,0.5409524718792867,33,"(0.6, 0.4)",0.0,4,0.8,6,5
1015,0.9400000000000001,75,1015,True,0.3781956543209877,34,"(0.6, 0.4)",0.0,4,0.8,6,5
1016,0.9400000000000001,75,1016,True,0.5523756598079561,31,"(0.6, 0.4)",0.0,4,0.8,6,5
1017,0.9400000000000001,75,1017,True,0.48608517969821674,35,"(0.6, 0.4)",0.0,4,0.8,6,5
1018,0.9400000000000001,75,1018,True,0.5662843347050754,27,"(0.6, 0.4)",0.0,4,0.8,6,5
1019,0.9400000000000001,75,1019,True,0.2909421563786008,29,"(0.6, 0.4)",0.0,4,0.8,6,5
1020,0.9400000000000001,80,1020,True,0.4142015414767795,31,"(0.6, 0.4)",0.0,4,0.8,6,5
1021,0.9400000000000001,80,1021,True,0.4239420572916667,42,"(0.6, 0.4)",0.0,4,0.8,6,5
1022,0.9400000000000001,80,1022,True,0.44926730685763894,27,"(0.6, 0.4)",0.0,4,0.8,6,5
1023,0.9400000000000001,80,1023,True,0.4902444288465712,26,"(0.6, 0.4)",0.0,4,0.8,6,5
1024,0.9400000000000001,80,1024,True,0.4325775824652778,34,"(0.6, 0.4)",0.0,4,0.8,6,5
1025,0.9400000000000001,80,1025,True,0.47920897589789496,42,"(0.6, 0.4)",0.0,4,0.8,6,5
1026,0.9400000000000001,80,1026,True,0.2811596425374349,33,"(0.6, 0.4)",0.0,4,0.8,6,5
1027,0.9400000000000001,80,1027,True,0.43273629082573783,29,"(0.6, 0.4)",0.0,4,0.8,6,5
1028,0.9400000000000001,80,1028,True,0.5661357710096571,37,"(0.6, 0.4)",0.0,4,0.8,6,5
1029,0.9400000000000001,80,1029,True,0.5244170803493924,25,"(0.6, 0.4)",0.0,4,0.8,6,5
1030,0.9400000000000001,80,1030,True,0.36446344163682726,42,"(0.6, 0.4)",0.0,4,0.8,6,5
1031,0.9400000000000001,80,1031,True,0.5318398708767361,31,"(0.6, 0.4)",0.0,4,0.8,6,5
1032,0.9400000000000001,80,1032,True,0.49881964789496525,39,"(0.6, 0.4)",0.0,4,0.8,6,5
1033,0.9400000000000001,80,1033,False,0.26126146952311197,32,"(0.6, 0.4)",0.0,4,0.8,6,5
1034,0.9400000000000001,80,1034,True,0.46003932529025604,31,"(0.6, 0.4)",0.0,4,0.8,6,5
1035,0.9400000000000001,80,1035,True,0.5502970801459418,37,"(0.6, 0.4)",0.0,4,0.8,6,5
1036,0.9400000000000001,80,1036,True,0.5075044504801433,37,"(0.6, 0.4)",0.0,4,0.8,6,5
1037,0.9400000000000001,80,1037,True,0.486922861735026,26,"(0.6, 0.4)",0.0,4,0.8,6,5
1038,0.9400000000000001,80,1038,True,0.4016814676920573,34,"(0.6, 0.4)",0.0,4,0.8,6,5
1039,0.9400000000000001,80,1039,True,0.518630362616645,36,"(0.6, 0.4)",0.0,4,0.8,6,5
1040,0.9400000000000001,85,1040,True,0.43024114361125415,33,"(0.6, 0.4)",0.0,4,0.8,6,5
1041,0.9400000000000001,85,1041,True,0.5297676698741102,34,"(0.6, 0.4)",0.0,4,0.8,6,5
1042,0.9400000000000001,85,1042,True,0.39749883262891966,33,"(0.6, 0.4)",0.0,4,0.8,6,5
1043,0.9400000000000001,85,1043,True,0.363330632748384,38,"(0.6, 0.4)",0.0,4,0.8,6,5
1044,0.9400000000000001,85,1044,True,0.42507218410805536,29,"(0.6, 0.4)",0.0,4,0.8,6,5
1045,0.9400000000000001,85,1045,True,0.4621006759444398,32,"(0.6, 0.4)",0.0,4,0.8,6,5
1046,0.9400000000000001,85,1046,True,0.43499644799910603,31,"(0.6, 0.4)",0.0,4,0.8,6,5
1047,0.9400000000000001,85,1047,True,0.4175648572747506,34,"(0.6, 0.4)",0.0,4,0.8,6,5
1048,0.9400000000000001,85,1048,False,0.257607833824893,29,"(0.6, 0.4)",0.0,4,0.8,6,5
1049,0.9400000000000001,85,1049,True,0.5277326593843996,39,"(0.6, 0.4)",0.0,4,0.8,6,5
1050,0.9400000000000001,85,1050,True,0.3667452230909326,37,"(0.6, 0.4)",0.0,4,0.8,6,5
1051,0.9400000000000001,85,1051,True,0.4568763145396567,44,"(0.6, 0.4)",0.0,4,0.8,6,5
1052,0.9400000000000001,85,1052,True,0.41114280639998724,27,"(0.6, 0.4)",0.0,4,0.8,6,5
1053,0.9400000000000001,85,1053,True,0.41906881702406185,24,"(0.6, 0.4)",0.0,4,0.8,6,5
1054,0.9400000000000001,85,1054,True,0.5117875278206812,37,"(0.6, 0.4)",0.0,4,0.8,6,5
1055,0.9400000000000001,85,1055,True,0.33361962859640093,36,"(0.6, 0.4)",0.0,4,0.8,6,5
1056,0.9400000000000001,85,1056,True,0.2492758441323473,35,"(0.6, 0.4)",0.0,4,0.8,6,5
1057,0.9400000000000001,85,1057,True,0.3325172311953481,35,"(0.6, 0.4)",0.0,4,0.8,6,5
1058,0.9400000000000001,85,1058,True,0.3031158630763521,29,"(0.6, 0.4)",0.0,4,0.8,6,5
1059,0.9400000000000001,85,1059,True,0.4797021241497481,41,"(0.6, 0.4)",0.0,4,0.8,6,5
1060,0.9400000000000001,90,1060,True,0.4186064063320293,36,"(0.6, 0.4)",0.0,4,0.8,6,5
1061,0.9400000000000001,90,1061,True,0.5448758340530745,37,"(0.6, 0.4)",0.0,4,0.8,6,5
1062,0.9400000000000001,90,1062,True,0.5216911378685498,32,"(0.6, 0.4)",0.0,4,0.8,6,5
1063,0.9400000000000001,90,1063,True,0.41103196603668135,37,"(0.6, 0.4)",0.0,4,0.8,6,5
1064,0.9400000000000001,90,1064,False,0.20202511367677692,28,"(0.6, 0.4)",0.0,4,0.8,6,5
1065,0.9400000000000001,90,1065,True,0.4488814321580382,33,"(0.6, 0.4)",0.0,4,0.8,6,5
1066,0.9400000000000001,90,1066,True,0.4649479616504936,40,"(0.6, 0.4)",0.0,4,0.8,6,5
1067,0.9400000000000001,90,1067,True,0.36435877406899353,30,"(0.6, 0.4)",0.0,4,0.8,6,5
1068,0.9400000000000001,90,1068,True,0.5336548248065166,31,"(0.6, 0.4)",0.0,4,0.8,6,5
1069,0.9400000000000001,90,1069,True,0.32613307909532757,34,"(0.6, 0.4)",0.0,4,0.8,6,5
1070,0.9400000000000001,90,1070,True,0.43547229843011737,33,"(0.6, 0.4)",0.0,4,0.8,6,5
1071,0.9400000000000001,90,1071,True,0.5124707816813155,35,"(0.6, 0.4)",0.0,4,0.8,6,5
1072,0.9400000000000001,90,1072,True,0.42321198284475603,34,"(0.6, 0.4)",0.0,4,0.8,6,5
1073,0.9400000000000001,90,1073,True,0.5557945996121865,32,"(0.6, 0.4)",0.0,4,0.8,6,5
1074,0.9400000000000001,90,1074,True,0.4780062585733882,29,"(0.6, 0.4)",0.0,4,0.8,6,5
1075,0.9400000000000001,90,1075,True,0.5013070553692696,35,"(0.6, 0.4)",0.0,4,0.8,6,5
1076,0.9400000000000001,90,1076,True,0.49360823214618366,30,"(0.6, 0.4)",0.0,4,0.8,6,5
1077,0.9400000000000001,90,1077,True,0.45157680485698315,30,"(0.6, 0.4)",0.0,4,0.8,6,5
1078,0.9400000000000001,90,1078,True,0.49764519191688256,37,"(0.6, 0.4)",0.0,4,0.8,6,5
1079,0.9400000000000001,90,1079,True,0.4683005321851344,30,"(0.6, 0.4)",0.0,4,0.8,6,5
1080,0.9400000000000001,95,1080,True,0.44437576786891175,31,"(0.6, 0.4)",0.0,4,0.8,6,5
1081,0.9400000000000001,95,1081,True,0.40203410552916774,39,"(0.6, 0.4)",0.0,4,0.8,6,5
1082,0.9400000000000001,95,1082,True,0.3970720801371656,28,"(0.6, 0.4)",0.0,4,0.8,6,5
1083,0.9400000000000001,95,1083,True,0.5390018833836792,36,"(0.6, 0.4)",0.0,4,0.8,6,5
1084,0.9400000000000001,95,1084,True,0.46072455279229324,29,"(0.6, 0.4)",0.0,4,0.8,6,5
1085,0.9400000000000001,95,1085,True,0.46367921431610326,27,"(0.6, 0.4)",0.0,4,0.8,6,5
1086,0.9400000000000001,95,1086,True,0.2836029837435597,28,"(0.6, 0.4)",0.0,4,0.8,6,5
1087,0.9400000000000001,95,1087,True,0.25995124005766956,32,"(0.6, 0.4)",0.0,4,0.8,6,5
1088,0.9400000000000001,95,1088,True,0.42165539961582044,37,"(0.6, 0.4)",0.0,4,0.8,6,5
1089,0.9400000000000001,95,1089,True,0.42619742362661767,52,"(0.6, 0.4)",0.0,4,0.8,6,5
1090,0.9400000000000001,95,1090,True,0.4899383019194485,37,"(0.6, 0.4)",0.0,4,0.8,6,5
1091,0.9400000000000001,95,1091,True,0.3151837172997616,36,"(0.6, 0.4)",0.0,4,0.8,6,5
1092,0.9400000000000001,95,1092,True,0.43661631237056536,34,"(0.6, 0.4)",0.0,4,0.8,6,5
1093,0.9400000000000001,95,1093,True,0.3624355842709754,31,"(0.6, 0.4)",0.0,4,0.8,6,5
1094,0.9400000000000001,95,1094,True,0.24926838771614365,30,"(0.6, 0.4)",0.0,4,0.8,6,5
1095,0.9400000000000001,95,1095,True,0.3927811242155055,35,"(0.6, 0.4)",0.0,4,0.8,6,5
1096,0.9400000000000001,95,1096,True,0.337452073469868,33,"(0.6, 0.4)",0.0,4,0.8,6,5
1097,0.9400000000000001,95,1097,True,0.3525268418409585,44,"(0.6, 0.4)",0.0,4,0.8,6,5
1098,0.9400000000000001,95,1098,True,0.5378390495605296,32,"(0.6, 0.4)",0.0,4,0.8,6,5
1099,0.9400000000000001,95,1099,True,0.48921789700474644,35,"(0.6, 0.4)",0.0,4,0.8,6,5
1100,0.9400000000000001,100,1100,True,0.3603951736111111,28,"(0.6, 0.4)",0.0,4,0.8,6,5
1101,0.9400000000000001,100,1101,True,0.4634702673611111,24,"(0.6, 0.4)",0.0,4,0.8,6,5
1102,0.9400000000000001,100,1102,True,0.37076964930555556,35,"(0.6, 0.4)",0.0,4,0.8,6,5
1103,0.9400000000000001,100,1103,True,0.4899321111111111,41,"(0.6, 0.4)",0.0,4,0.8,6,5
1104,0.9400000000000001,100,1104,True,0.39182435069444443,38,"(0.6, 0.4)",0.0,4,0.8,6,5
1105,0.9400000000000001,100,1105,True,0.3823222534722222,38,"(0.6, 0.4)",0.0,4,0.8,6,5
1106,0.9400000000000001,100,1106,True,0.5670534166666666,36,"(0.6, 0.4)",0.0,4,0.8,6,5
1107,0.9400000000000001,100,1107,True,0.34288326736111113,35,"(0.6, 0.4)",0.0,4,0.8,6,5
1108,0.9400000000000001,100,1108,True,0.3906338645833333,46,"(0.6, 0.4)",0.0,4,0.8,6,5
1109,0.9400000000000001,100,1109,True,0.4947615659722222,34,"(0.6, 0.4)",0.0,4,0.8,6,5
1110,0.9400000000000001,100,1110,True,0.24879275694444444,29,"(0.6, 0.4)",0.0,4,0.8,6,5
1111,0.9400000000000001,100,1111,True,0.2589915347222222,31,"(0.6, 0.4)",0.0,4,0.8,6,5
1112,0.9400000000000001,100,1112,False,0.16928464236111113,28,"(0.6, 0.4)",0.0,4,0.8,6,5
1113,0.9400000000000001,100,1113,True,0.4831249444444444,37,"(0.6, 0.4)",0.0,4,0.8,6,5
1114,0.9400000000000001,100,1114,True,0.37895570486111113,30,"(0.6, 0.4)",0.0,4,0.8,6,5
1115,0.9400000000000001,100,1115,True,0.4574284722222222,28,"(0.6, 0.4)",0.0,4,0.8,6,5
1116,0.9400000000000001,100,1116,True,0.4225565208333333,26,"(0.6, 0.4)",0.0,4,0.8,6,5
1117,0.9400000000000001,100,1117,True,0.4949105659722222,37,"(0.6, 0.4)",0.0,4,0.8,6,5
1118,0.9400000000000001,100,1118,True,0.46870895833333337,36,"(0.6, 0.4)",0.0,4,0.8,6,5
1119,0.9400000000000001,100,1119,True,0.4494667465277778,41,"(0.6, 0.4)",0.0,4,0.8,6,5
1120,0.9500000000000001,65,1120,True,0.5116899112620551,36,"(0.6, 0.4)",0.0,4,0.8,6,5
1121,0.9500000000000001,65,1121,True,0.5075985512489836,25,"(0.6, 0.4)",0.0,4,0.8,6,5
1122,0.9500000000000001,65,1122,True,0.36700129158253875,25,"(0.6, 0.4)",0.0,4,0.8,6,5
1123,0.9500000000000001,65,1123,True,0.3927621581877385,32,"(0.6, 0.4)",0.0,4,0.8,6,5
1124,0.9500000000000001,65,1124,True,0.5581118580504106,26,"(0.6, 0.4)",0.0,4,0.8,6,5
1125,0.9500000000000001,65,1125,True,0.5194634680547289,28,"(0.6, 0.4)",0.0,4,0.8,6,5
1126,0.9500000000000001,65,1126,True,0.5255468607152721,25,"(0.6, 0.4)",0.0,4,0.8,6,5
1127,0.9500000000000001,65,1127,True,0.5096962446848655,33,"(0.6, 0.4)",0.0,4,0.8,6,5
1128,0.9500000000000001,65,1128,True,0.4009324486771005,33,"(0.6, 0.4)",0.0,4,0.8,6,5
1129,0.9500000000000001,65,1129,True,0.5025597259666444,25,"(0.6, 0.4)",0.0,4,0.8,6,5
1130,0.9500000000000001,65,1130,True,0.5544167259938766,31,"(0.6, 0.4)",0.0,4,0.8,6,5
1131,0.9500000000000001,65,1131,True,0.5134934000910333,27,"(0.6, 0.4)",0.0,4,0.8,6,5
1132,0.9500000000000001,65,1132,True,0.377183844325401,34,"(0.6, 0.4)",0.0,4,0.8,6,5
1133,0.9500000000000001,65,1133,True,0.48786608778870955,32,"(0.6, 0.4)",0.0,4,0.8,6,5
1134,0.9500000000000001,65,1134,False,0.2701633735202238,33,"(0.6, 0.4)",0.0,4,0.8,6,5
1135,0.9500000000000001,65,1135,True,0.5628190734062377,39,"(0.6, 0.4)",0.0,4,0.8,6,5
1136,0.9500000000000001,65,1136,True,0.4748019054732755,26,"(0.6, 0.4)",0.0,4,0.8,6,5
1137,0.9500000000000001,65,1137,True,0.5540925076541826,34,"(0.6, 0.4)",0.0,4,0.8,6,5
1138,0.9500000000000001,65,1138,False,0.31481869215597025,36,"(0.6, 0.4)",0.0,4,0.8,6,5
1139,0.9500000000000001,65,1139,True,0.499752128971519,25,"(0.6, 0.4)",0.0,4,0.8,6,5
1140,0.9500000000000001,70,1140,True,0.5650926263362488,32,"(0.6, 0.4)",0.0,4,0.8,6,5
1141,0.9500000000000001,70,1141,True,0.5753690736498681,25,"(0.6, 0.4)",0.0,4,0.8,6,5
1142,0.9500000000000001,70,1142,True,0.5406332575547226,31,"(0.6, 0.4)",0.0,4,0.8,6,5
1143,0.9500000000000001,70,1143,True,0.5331045802674812,33,"(0.6, 0.4)",0.0,4,0.8,6,5
1144,0.9500000000000001,70,1144,True,0.5220935287380258,26,"(0.6, 0.4)",0.0,4,0.8,6,5
1145,0.9500000000000001,70,1145,True,0.5372908278957842,30,"(0.6, 0.4)",0.0,4,0.8,6,5
1146,0.9500000000000001,70,1146,True,0.5206064168864825,31,"(0.6, 0.4)",0.0,4,0.8,6,5
1147,0.9500000000000001,70,1147,True,0.4056937069045305,27,"(0.6, 0.4)",0.0,4,0.8,6,5
1148,0.9500000000000001,70,1148,True,0.5172518828960155,29,"(0.6, 0.4)",0.0,4,0.8,6,5
1149,0.9500000000000001,70,1149,True,0.4638506958906012,31,"(0.6, 0.4)",0.0,4,0.8,6,5
1150,0.9500000000000001,70,1150,True,0.5009824320884817,32,"(0.6, 0.4)",0.0,4,0.8,6,5
1151,0.9500000000000001,70,1151,True,0.5050085757091953,31,"(0.6, 0.4)",0.0,4,0.8,6,5
1152,0.9500000000000001,70,1152,True,0.42719564186218706,30,"(0.6, 0.4)",0.0,4,0.8,6,5
1153,0.9500000000000001,70,1153,True,0.497115076472766,35,"(0.6, 0.4)",0.0,4,0.8,6,5
1154,0.9500000000000001,70,1154,True,0.4865408799574252,27,"(0.6, 0.4)",0.0,4,0.8,6,5
1155,0.9500000000000001,70,1155,True,0.42144128314591145,33,"(0.6, 0.4)",0.0,4,0.8,6,5
1156,0.9500000000000001,70,1156,True,0.4513158290527095,39,"(0.6, 0.4)",0.0,4,0.8,6,5
1157,0.9500000000000001,70,1157,True,0.5929999652922393,44,"(0.6, 0.4)",0.0,4,0.8,6,5
1158,0.9500000000000001,70,1158,True,0.5069784435883197,33,"(0.6, 0.4)",0.0,4,0.8,6,5
1159,0.9500000000000001,70,1159,True,0.42779870366513956,26,"(0.6, 0.4)",0.0,4,0.8,6,5
1160,0.9500000000000001,75,1160,True,0.5725845048010973,39,"(0.6, 0.4)",0.0,4,0.8,6,5
1161,0.9500000000000001,75,1161,True,0.5294108312757202,27,"(0.6, 0.4)",0.0,4,0.8,6,5
1162,0.9500000000000001,75,1162,True,0.29848402743484226,30,"(0.6, 0.4)",0.0,4,0.8,6,5
1163,0.9500000000000001,75,1163,True,0.5062696954732511,26,"(0.6, 0.4)",0.0,4,0.8,6,5
1164,0.9500000000000001,75,1164,True,0.4308901728395062,39,"(0.6, 0.4)",0.0,4,0.8,6,5
1165,0.9500000000000001,75,1165,True,0.4705708093278464,36,"(0.6, 0.4)",0.0,4,0.8,6,5
1166,0.9500000000000001,75,1166,True,0.47422327572016465,43,"(0.6, 0.4)",0.0,4,0.8,6,5
1167,0.9500000000000001,75,1167,True,0.5468994238683127,35,"(0.6, 0.4)",0.0,4,0.8,6,5
1168,0.9500000000000001,75,1168,True,0.40809181893004115,33,"(0.6, 0.4)",0.0,4,0.8,6,5
1169,0.9500000000000001,75,1169,True,0.5397573443072703,29,"(0.6, 0.4)",0.0,4,0.8,6,5
1170,0.9500000000000001,75,1170,True,0.5295912976680384,27,"(0.6, 0.4)",0.0,4,0.8,6,5
1171,0.9500000000000001,75,1171,True,0.47407895747599454,26,"(0.6, 0.4)",0.0,4,0.8,6,5
1172,0.9500000000000001,75,1172,True,0.5240780027434843,36,"(0.6, 0.4)",0.0,4,0.8,6,5
1173,0.9500000000000001,75,1173,True,0.5146169657064472,30,"(0.6, 0.4)",0.0,4,0.8,6,5
1174,0.9500000000000001,75,1174,True,0.4634241755829904,27,"(0.6, 0.4)",0.0,4,0.8,6,5
1175,0.9500000000000001,75,1175,True,0.7107874677640604,36,"(0.6, 0.4)",0.0,4,0.8,6,5
1176,0.9500000000000001,75,1176,True,0.5219299094650205,40,"(0.6, 0.4)",0.0,4,0.8,6,5
1177,0.9500000000000001,75,1177,True,0.3710058381344308,29,"(0.6, 0.4)",0.0,4,0.8,6,5
1178,0.9500000000000001,75,1178,True,0.5641323566529493,39,"(0.6, 0.4)",0.0,4,0.8,6,5
1179,0.9500000000000001,75,1179,True,0.3833370754458162,29,"(0.6, 0.4)",0.0,4,0.8,6,5
1180,0.9500000000000001,80,1180,True,0.48068089803059894,37,"(0.6, 0.4)",0.0,4,0.8,6,5
1181,0.9500000000000001,80,1181,True,0.5869603305392795,39,"(0.6, 0.4)",0.0,4,0.8,6,5
1182,0.9500000000000001,80,1182,True,0.3606027560763889,27,"(0.6, 0.4)",0.0,4,0.8,6,5
1183,0.9500000000000001,80,1183,True,0.5109654574924045,37,"(0.6, 0.4)",0.0,4,0.8,6,5
1184,0.9500000000000001,80,1184,True,0.42118335300021703,28,"(0.6, 0.4)",0.0,4,0.8,6,5
1185,0.9500000000000001,80,1185,True,0.578476079305013,33,"(0.6, 0.4)",0.0,4,0.8,6,5
1186,0.9500000000000001,80,1186,True,0.44449381510416663,39,"(0.6, 0.4)",0.0,4,0.8,6,5
1187,0.9500000000000001,80,1187,True,0.4192647552490234,33,"(0.6, 0.4)",0.0,4,0.8,6,5
1188,0.9500000000000001,80,1188,True,0.3335854000515408,31,"(0.6, 0.4)",0.0,4,0.8,6,5
1189,0.9500000000000001,80,1189,True,0.32375917222764755,33,"(0.6, 0.4)",0.0,4,0.8,6,5
1190,0.9500000000000001,80,1190,True,0.27237195332845054,30,"(0.6, 0.4)",0.0,4,0.8,6,5
1191,0.9500000000000001,80,1191,True,0.49512896219889324,33,"(0.6, 0.4)",0.0,4,0.8,6,5
1192,0.9500000000000001,80,1192,True,0.4551692877875434,32,"(0.6, 0.4)",0.0,4,0.8,6,5
1193,0.9500000000000001,80,1193,True,0.6792784288194444,40,"(0.6, 0.4)",0.0,4,0.8,6,5
1194,0.9500000000000001,80,1194,True,0.42589019775390624,35,"(0.6, 0.4)",0.0,4,0.8,6,5
1195,0.9500000000000001,80,1195,True,0.48686038547092014,39,"(0.6, 0.4)",0.0,4,0.8,6,5
1196,0.9500000000000001,80,1196,True,0.3347805023193359,38,"(0.6, 0.4)",0.0,4,0.8,6,5
1197,0.9500000000000001,80,1197,True,0.5007661946614583,43,"(0.6, 0.4)",0.0,4,0.8,6,5
1198,0.9500000000000001,80,1198,True,0.2802918667263455,29,"(0.6, 0.4)",0.0,4,0.8,6,5
1199,0.9500000000000001,80,1199,True,0.24254392835828992,32,"(0.6, 0.4)",0.0,4,0.8,6,5
1200,0.9500000000000001,85,1200,True,0.5607688818114939,39,"(0.6, 0.4)",0.0,4,0.8,6,5
1201,0.9500000000000001,85,1201,True,0.5722755354940674,43,"(0.6, 0.4)",0.0,4,0.8,6,5
1202,0.9500000000000001,85,1202,True,0.41807317254875354,30,"(0.6, 0.4)",0.0,4,0.8,6,5
1203,0.9500000000000001,85,1203,True,0.38815323225429665,34,"(0.6, 0.4)",0.0,4,0.8,6,5
1204,0.9500000000000001,85,1204,True,0.40887600457103934,41,"(0.6, 0.4)",0.0,4,0.8,6,5
1205,0.9500000000000001,85,1205,True,0.5116054578422725,37,"(0.6, 0.4)",0.0,4,0.8,6,5
1206,0.9500000000000001,85,1206,True,0.35782739936330055,32,"(0.6, 0.4)",0.0,4,0.8,6,5
1207,0.9500000000000001,85,1207,True,0.5577309499008234,32,"(0.6, 0.4)",0.0,4,0.8,6,5
1208,0.9500000000000001,85,1208,True,0.5455110956791971,41,"(0.6, 0.4)",0.0,4,0.8,6,5
1209,0.9500000000000001,85,1209,True,0.5352669654604497,30,"(0.6, 0.4)",0.0,4,0.8,6,5
1210,0.9500000000000001,85,1210,True,0.2839168126711978,31,"(0.6, 0.4)",0.0,4,0.8,6,5
1211,0.9500000000000001,85,1211,True,0.497686988900995,34,"(0.6, 0.4)",0.0,4,0.8,6,5
1212,0.9500000000000001,85,1212,True,0.5134724733234091,31,"(0.6, 0.4)",0.0,4,0.8,6,5
1213,0.9500000000000001,85,1213,True,0.5340456292429449,37,"(0.6, 0.4)",0.0,4,0.8,6,5
1214,0.9500000000000001,85,1214,True,0.4629412429874589,37,"(0.6, 0.4)",0.0,4,0.8,6,5
1215,0.9500000000000001,85,1215,True,0.4655573914211862,31,"(0.6, 0.4)",0.0,4,0.8,6,5
1216,0.9500000000000001,85,1216,True,0.5860627666495053,26,"(0.6, 0.4)",0.0,4,0.8,6,5
1217,0.9500000000000001,85,1217,True,0.49710188655148607,26,"(0.6, 0.4)",0.0,4,0.8,6,5
1218,0.9500000000000001,85,1218,True,0.3663362042014716,35,"(0.6, 0.4)",0.0,4,0.8,6,5
1219,0.9500000000000001,85,1219,True,0.2636425170515998,33,"(0.6, 0.4)",0.0,4,0.8,6,5
1220,0.9500000000000001,90,1220,True,0.4369762559484496,38,"(0.6, 0.4)",0.0,4,0.8,6,5
1221,0.9500000000000001,90,1221,True,0.5332397934342664,34,"(0.6, 0.4)",0.0,4,0.8,6,5
1222,0.9500000000000001,90,1222,True,0.5534576527544921,38,"(0.6, 0.4)",0.0,4,0.8,6,5
1223,0.9500000000000001,90,1223,True,0.5771998626141002,40,"(0.6, 0.4)",0.0,4,0.8,6,5
1224,0.9500000000000001,90,1224,True,0.30910187937136957,32,"(0.6, 0.4)",0.0,4,0.8,6,5
1225,0.9500000000000001,90,1225,True,0.44469917462615793,40,"(0.6, 0.4)",0.0,4,0.8,6,5
1226,0.9500000000000001,90,1226,True,0.44290697132889634,38,"(0.6, 0.4)",0.0,4,0.8,6,5
1227,0.9500000000000001,90,1227,True,0.3261802962370235,40,"(0.6, 0.4)",0.0,4,0.8,6,5
1228,0.9500000000000001,90,1228,False,0.24823197683279988,33,"(0.6, 0.4)",0.0,4,0.8,6,5
1229,0.9500000000000001,90,1229,True,0.39126855979779507,36,"(0.6, 0.4)",0.0,4,0.8,6,5
1230,0.9500000000000001,90,1230,True,0.45490896331859976,30,"(0.6, 0.4)",0.0,4,0.8,6,5
1231,0.9500000000000001,90,1231,False,0.27648518603193956,37,"(0.6, 0.4)",0.0,4,0.8,6,5
1232,0.9500000000000001,90,1232,True,0.3885755209656387,35,"(0.6, 0.4)",0.0,4,0.8,6,5
1233,0.9500000000000001,90,1233,True,0.4262305616945249,36,"(0.6, 0.4)",0.0,4,0.8,6,5
1234,0.9500000000000001,90,1234,True,0.4354663076428051,41,"(0.6, 0.4)",0.0,4,0.8,6,5
1235,0.9500000000000001,90,1235,True,0.40448466527798943,41,"(0.6, 0.4)",0.0,4,0.8,6,5
1236,0.9500000000000001,90,1236,True,0.46160219161205096,35,"(0.6, 0.4)",0.0,4,0.8,6,5
1237,0.9500000000000001,90,1237,True,0.530790752171925,39,"(0.6, 0.4)",0.0,4,0.8,6,5
1238,0.9500000000000001,90,1238,True,0.2992811954901861,31,"(0.6, 0.4)",0.0,4,0.8,6,5
1239,0.9500000000000001,90,1239,True,0.5213190210672493,34,"(0.6, 0.4)",0.0,4,0.8,6,5
1240,0.9500000000000001,95,1240,True,0.39858487461302816,40,"(0.6, 0.4)",0.0,4,0.8,6,5
1241,0.9500000000000001,95,1241,True,0.5151348806238272,42,"(0.6, 0.4)",0.0,4,0.8,6,5
1242,0.9500000000000001,95,1242,True,0.524166195607598,44,"(0.6, 0.4)",0.0,4,0.8,6,5
1243,0.9500000000000001,95,1243,True,0.40854031796700285,42,"(0.6, 0.4)",0.0,4,0.8,6,5
1244,0.9500000000000001,95,1244,True,0.5461212228949202,34,"(0.6, 0.4)",0.0,4,0.8,6,5
1245,0.9500000000000001,95,1245,True,0.46093155021489673,32,"(0.6, 0.4)",0.0,4,0.8,6,5
1246,0.9500000000000001,95,1246,True,0.4013906388413567,35,"(0.6, 0.4)",0.0,4,0.8,6,5
1247,0.9500000000000001,95,1247,True,0.4937459256587793,36,"(0.6, 0.4)",0.0,4,0.8,6,5
1248,0.9500000000000001,95,1248,True,0.5535022069437091,43,"(0.6, 0.4)",0.0,4,0.8,6,5
1249,0.9500000000000001,95,1249,True,0.5069223089311947,37,"(0.6, 0.4)",0.0,4,0.8,6,5
1250,0.9500000000000001,95,1250,True,0.4802968993655836,35,"(0.6, 0.4)",0.0,4,0.8,6,5
1251,0.9500000000000001,95,1251,True,0.4942588343824523,46,"(0.6, 0.4)",0.0,4,0.8,6,5
1252,0.9500000000000001,95,1252,True,0.4777487042678378,33,"(0.6, 0.4)",0.0,4,0.8,6,5
1253,0.9500000000000001,95,1253,True,0.3704830721406715,34,"(0.6, 0.4)",0.0,4,0.8,6,5
1254,0.9500000000000001,95,1254,True,0.28013721247279155,38,"(0.6, 0.4)",0.0,4,0.8,6,5
1255,0.9500000000000001,95,1255,True,0.4295167019214947,30,"(0.6, 0.4)",0.0,4,0.8,6,5
1256,0.9500000000000001,95,1256,True,0.4546692142223177,34,"(0.6, 0.4)",0.0,4,0.8,6,5
1257,0.9500000000000001,95,1257,True,0.44984669904824753,34,"(0.6, 0.4)",0.0,4,0.8,6,5
1258,0.9500000000000001,95,1258,True,0.5897259374075468,41,"(0.6, 0.4)",0.0,4,0.8,6,5
1259,0.9500000000000001,95,1259,True,0.44860104408857104,32,"(0.6, 0.4)",0.0,4,0.8,6,5
1260,0.9500000000000001,100,1260,False,0.2856122326388889,37,"(0.6, 0.4)",0.0,4,0.8,6,5
1261,0.9500000000000001,100,1261,True,0.38883882291666666,32,"(0.6, 0.4)",0.0,4,0.8,6,5
1262,0.9500000000000001,100,1262,True,0.46976505555555553,40,"(0.6, 0.4)",0.0,4,0.8,6,5
1263,0.9500000000000001,100,1263,True,0.32120657291666666,33,"(0.6, 0.4)",0.0,4,0.8,6,5
1264,0.9500000000000001,100,1264,True,0.26877137152777775,31,"(0.6, 0.4)",0.0,4,0.8,6,5
1265,0.9500000000000001,100,1265,True,0.5132685694444444,35,"(0.6, 0.4)",0.0,4,0.8,6,5
1266,0.9500000000000001,100,1266,True,0.5235645555555556,36,"(0.6, 0.4)",0.0,4,0.8,6,5
1267,0.9500000000000001,100,1267,True,0.4058181388888889,38,"(0.6, 0.4)",0.0,4,0.8,6,5
1268,0.9500000000000001,100,1268,True,0.5960385798611111,37,"(0.6, 0.4)",0.0,4,0.8,6,5
1269,0.9500000000000001,100,1269,True,0.4875488958333333,36,"(0.6, 0.4)",0.0,4,0.8,6,5
1270,0.9500000000000001,100,1270,True,0.4752036909722222,33,"(0.6, 0.4)",0.0,4,0.8,6,5
1271,0.9500000000000001,100,1271,True,0.52036421875,40,"(0.6, 0.4)",0.0,4,0.8,6,5
1272,0.9500000000000001,100,1272,True,0.5122913159722222,39,"(0.6, 0.4)",0.0,4,0.8,6,5
1273,0.9500000000000001,100,1273,True,0.5687281319444444,40,"(0.6, 0.4)",0.0,4,0.8,6,5
1274,0.9500000000000001,100,1274,True,0.46533214930555555,36,"(0.6, 0.4)",0.0,4,0.8,6,5
1275,0.9500000000000001,100,1275,True,0.5622934548611112,35,"(0.6, 0.4)",0.0,4,0.8,6,5
1276,0.9500000000000001,100,1276,True,0.2570440173611111,33,"(0.6, 0.4)",0.0,4,0.8,6,5
1277,0.9500000000000001,100,1277,True,0.42555208680555556,28,"(0.6, 0.4)",0.0,4,0.8,6,5
1278,0.9500000000000001,100,1278,True,0.4935770208333333,33,"(0.6, 0.4)",0.0,4,0.8,6,5
1279,0.9500000000000001,100,1279,True,0.5430799374999999,36,"(0.6, 0.4)",0.0,4,0.8,6,5
